Transaction_ID,Product_ID,Customer_ID,Purchase_Date,Quantity,Total_Price
1.0,1641.0,748.0,2024-03-02,2.0,450.18
2.0,1959.0,1067.0,2024-10-11,3.0,201.0
3.0,1007.0,2696.0,2024-11-26,1.0,260.68
4.0,1128.0,668.0,2024-12-29,1.0,443.29
5.0,1348.0,1343.0,2024-06-12,3.0,65.78
6.0,1075.0,2927.0,2024-11-03,2.0,276.26
8.0,1984.0,2636.0,2024-05-26,1.0,292.65
10.0,1699.0,2428.0,2024-04-28,1.0,228.37
11.0,1103.0,2154.0,2023-03-11,1.0,489.58
12.0,1166.0,1431.0,2023-06-30,1.0,355.06
13.0,1435.0,2442.0,2024-10-17,1.0,249.49
14.0,1194.0,2359.0,2024-10-10,2.0,316.7
16.0,1634.0,1799.0,2024-09-09,3.0,238.05
17.0,1304.0,1844.0,2024-03-19,4.0,497.9
19.0,1616.0,679.0,2023-04-07,1.0,395.99
20.0,1428.0,612.0,2023-10-17,4.0,165.21
21.0,1659.0,980.0,2024-07-25,1.0,167.82
22.0,1276.0,1430.0,2023-08-13,2.0,269.69
27.0,1431.0,2408.0,2025-01-23,2.0,388.81
28.0,1461.0,2667.0,2024-02-13,1.0,17.91
30.0,1197.0,94.0,2024-05-16,3.0,481.79
33.0,1887.0,206.0,2023-12-12,3.0,401.03
34.0,1571.0,2371.0,2023-08-18,3.0,260.11
35.0,1002.0,681.0,2024-07-19,1.0,434.45
36.0,1097.0,1903.0,2024-02-03,1.0,33.03
37.0,1798.0,2174.0,2024-03-28,3.0,194.6
39.0,1755.0,423.0,2023-03-22,1.0,312.27
41.0,1099.0,124.0,2023-03-06,2.0,308.01
42.0,1314.0,314.0,2025-01-07,5.0,265.37
43.0,1304.0,2531.0,2024-09-10,4.0,40.83
44.0,1818.0,1534.0,2023-11-04,4.0,11.57
46.0,1540.0,1677.0,2023-11-19,3.0,50.3
48.0,1019.0,538.0,2023-05-04,5.0,404.9
49.0,1936.0,702.0,2023-10-26,3.0,432.88
50.0,1339.0,464.0,2024-02-23,3.0,481.95
51.0,1310.0,514.0,2023-06-16,5.0,100.53
53.0,1240.0,1070.0,2023-03-31,2.0,326.29
54.0,1628.0,32.0,2024-06-29,5.0,357.5
55.0,1123.0,2327.0,2024-01-27,3.0,97.64
56.0,1586.0,2991.0,2024-04-05,4.0,128.86
57.0,1492.0,2668.0,2023-06-11,3.0,56.73
58.0,1880.0,54.0,2024-10-09,1.0,6.76
59.0,1729.0,1255.0,2024-01-15,5.0,30.38
60.0,1594.0,994.0,2023-05-09,1.0,319.1
62.0,1642.0,136.0,2023-04-09,5.0,362.81
64.0,1261.0,466.0,2023-12-01,5.0,57.8
65.0,1232.0,432.0,2024-04-25,1.0,194.44
67.0,1638.0,2171.0,2023-03-18,1.0,480.48
68.0,1017.0,1787.0,2025-02-07,4.0,232.2
69.0,1162.0,771.0,2023-07-14,1.0,293.79
71.0,1091.0,2344.0,2024-05-29,2.0,363.5
72.0,1988.0,2967.0,2024-08-06,5.0,442.82
73.0,1444.0,1838.0,2023-03-26,1.0,140.16
74.0,1965.0,661.0,2023-05-28,3.0,176.77
77.0,1730.0,2810.0,2025-01-24,2.0,490.69
78.0,1854.0,1338.0,2023-02-25,5.0,284.42
84.0,1154.0,2841.0,2023-12-21,1.0,491.09
85.0,1896.0,1432.0,2023-11-11,2.0,380.91
87.0,1124.0,1771.0,2023-09-27,5.0,186.8
89.0,1646.0,1919.0,2025-01-16,5.0,358.89
90.0,1931.0,2245.0,2024-12-05,3.0,51.49
91.0,1147.0,425.0,2023-08-21,3.0,424.46
92.0,1601.0,2717.0,2024-07-29,1.0,64.2
93.0,1792.0,215.0,2023-03-29,2.0,59.22
94.0,1863.0,2226.0,2023-05-15,1.0,252.69
96.0,1843.0,1565.0,2024-06-23,1.0,496.15
98.0,1499.0,2091.0,2024-12-07,5.0,17.51
100.0,1314.0,601.0,2024-10-29,5.0,67.76
101.0,1042.0,2519.0,2024-06-26,3.0,478.61
102.0,1849.0,1015.0,2024-03-16,1.0,374.46
103.0,1073.0,57.0,2023-04-19,2.0,187.97
104.0,1172.0,1772.0,2025-01-26,3.0,17.07
105.0,1780.0,122.0,2023-05-12,5.0,442.34
106.0,1976.0,1234.0,2023-12-09,5.0,37.18
107.0,1433.0,1329.0,2025-02-11,4.0,418.4
108.0,1483.0,555.0,2024-09-11,2.0,438.98
109.0,1747.0,120.0,2024-05-21,4.0,169.86
111.0,1224.0,1393.0,2025-02-19,2.0,46.79
112.0,1295.0,1607.0,2023-09-22,5.0,401.4
114.0,1052.0,812.0,2024-04-02,4.0,456.7
116.0,1873.0,1460.0,2024-07-16,2.0,203.96
118.0,1953.0,1072.0,2024-12-08,5.0,374.58
119.0,1303.0,2016.0,2023-08-17,2.0,44.13
120.0,1517.0,2456.0,2024-10-26,5.0,170.88
121.0,1250.0,1721.0,2023-10-05,5.0,352.12
122.0,1024.0,2131.0,2024-02-21,5.0,48.02
123.0,1511.0,430.0,2023-09-24,1.0,274.64
124.0,1224.0,1895.0,2024-12-03,2.0,230.82
125.0,1118.0,244.0,2024-05-21,5.0,256.47
126.0,1127.0,2794.0,2023-05-24,3.0,265.66
127.0,1353.0,810.0,2024-06-27,4.0,29.05
129.0,1938.0,2770.0,2024-07-25,2.0,280.18
130.0,1072.0,2160.0,2024-01-24,3.0,458.88
131.0,1735.0,2576.0,2023-05-05,4.0,322.98
132.0,1209.0,30.0,2024-06-05,5.0,293.7
137.0,1527.0,735.0,2025-02-17,3.0,372.0
138.0,1914.0,352.0,2024-03-31,5.0,444.12
139.0,1859.0,309.0,2024-03-11,5.0,498.36
141.0,1371.0,2500.0,2023-12-01,4.0,420.87
142.0,1759.0,146.0,2025-02-10,1.0,198.49
143.0,1327.0,1858.0,2024-01-11,5.0,285.99
144.0,1876.0,1892.0,2024-05-15,2.0,481.26
145.0,1198.0,1353.0,2024-10-03,4.0,111.49
146.0,1722.0,772.0,2023-07-19,2.0,68.48
148.0,1463.0,649.0,2023-12-15,1.0,101.84
149.0,1957.0,741.0,2024-05-16,5.0,77.47
150.0,1468.0,1398.0,2023-10-01,5.0,276.98
151.0,1667.0,635.0,2024-12-22,2.0,124.71
152.0,1611.0,296.0,2023-10-02,5.0,426.19
153.0,1263.0,2757.0,2024-09-12,3.0,158.26
154.0,1635.0,1816.0,2024-01-09,3.0,52.98
155.0,1813.0,2788.0,2023-07-26,2.0,493.75
156.0,1616.0,1524.0,2023-08-18,4.0,337.19
158.0,1417.0,2120.0,2024-12-06,3.0,489.17
159.0,1396.0,442.0,2025-01-01,4.0,134.09
161.0,1934.0,1024.0,2023-08-03,2.0,379.0
162.0,1075.0,2581.0,2023-11-21,3.0,96.31
163.0,1805.0,2756.0,2025-01-25,2.0,255.71
164.0,1212.0,1244.0,2023-09-16,4.0,185.62
165.0,1391.0,728.0,2024-08-16,4.0,87.5
166.0,1454.0,1406.0,2023-08-11,5.0,154.17
168.0,1606.0,1753.0,2023-08-23,1.0,154.65
169.0,1230.0,834.0,2023-04-11,5.0,69.46
170.0,1269.0,153.0,2023-10-19,3.0,50.26
171.0,1423.0,491.0,2024-12-27,5.0,449.01
172.0,1243.0,2979.0,2024-11-27,1.0,39.85
174.0,1717.0,2409.0,2024-12-21,2.0,185.82
175.0,1149.0,2088.0,2024-07-10,2.0,415.29
176.0,1387.0,367.0,2024-05-14,3.0,30.14
177.0,1001.0,122.0,2024-05-22,5.0,21.36
178.0,1200.0,1418.0,2024-01-14,4.0,280.46
179.0,1262.0,1041.0,2023-11-22,4.0,220.93
180.0,1483.0,978.0,2025-02-10,4.0,158.1
181.0,1379.0,923.0,2024-10-20,2.0,201.73
184.0,1567.0,1508.0,2023-05-12,4.0,445.41
185.0,1056.0,3000.0,2023-07-14,1.0,21.84
186.0,1298.0,1060.0,2023-06-28,1.0,375.1
187.0,1755.0,460.0,2024-07-04,1.0,295.48
188.0,1180.0,744.0,2025-02-03,3.0,189.47
189.0,1748.0,2716.0,2025-01-19,2.0,402.8
190.0,1699.0,2189.0,2024-09-19,2.0,233.86
192.0,1528.0,1051.0,2023-12-13,1.0,126.16
193.0,1164.0,1842.0,2024-09-15,5.0,266.37
194.0,1512.0,2636.0,2024-12-04,5.0,493.21
195.0,1597.0,955.0,2024-07-26,2.0,119.59
196.0,1708.0,182.0,2024-06-14,3.0,123.35
197.0,1602.0,2435.0,2023-09-09,1.0,483.89
200.0,1474.0,272.0,2025-01-16,5.0,8.87
201.0,1426.0,2315.0,2023-11-25,5.0,377.97
202.0,1609.0,1040.0,2024-05-11,4.0,20.88
203.0,1437.0,1454.0,2024-10-18,1.0,218.73
204.0,1480.0,2794.0,2024-01-04,4.0,459.56
206.0,1327.0,1522.0,2024-12-01,1.0,144.13
208.0,1627.0,42.0,2024-06-06,1.0,475.3
209.0,1296.0,671.0,2023-09-27,4.0,476.44
210.0,1057.0,587.0,2024-10-12,3.0,323.24
211.0,1719.0,1262.0,2025-02-15,3.0,70.79
214.0,1190.0,1001.0,2023-06-28,4.0,255.5
215.0,1758.0,2479.0,2025-01-21,1.0,278.84
216.0,1962.0,139.0,2023-03-18,5.0,240.69
217.0,1706.0,2337.0,2023-07-23,4.0,60.81
218.0,1063.0,168.0,2023-12-11,1.0,111.47
219.0,1968.0,2514.0,2024-03-13,5.0,362.31
220.0,1019.0,2605.0,2024-06-20,3.0,170.0
222.0,1021.0,885.0,2023-07-25,4.0,469.94
224.0,1110.0,677.0,2023-09-04,4.0,269.84
225.0,1871.0,1243.0,2024-08-18,3.0,498.84
226.0,1608.0,98.0,2024-11-05,4.0,283.65
227.0,1998.0,195.0,2024-02-11,2.0,272.01
228.0,1221.0,35.0,2023-09-28,1.0,279.75
229.0,1009.0,2529.0,2024-09-29,4.0,238.05
230.0,1706.0,2255.0,2025-02-12,5.0,468.76
232.0,1441.0,2654.0,2023-08-20,4.0,154.43
233.0,1963.0,110.0,2023-05-12,3.0,287.75
234.0,1627.0,109.0,2024-04-01,2.0,245.89
235.0,1729.0,495.0,2023-08-18,4.0,290.81
236.0,1421.0,1036.0,2023-12-13,4.0,159.92
237.0,1257.0,509.0,2024-05-20,5.0,355.41
238.0,1656.0,1993.0,2024-10-27,1.0,196.6
240.0,1120.0,528.0,2024-11-10,1.0,363.47
241.0,1371.0,500.0,2024-02-26,2.0,410.95
242.0,1810.0,1508.0,2023-05-18,3.0,46.1
243.0,1959.0,149.0,2024-02-24,3.0,258.09
245.0,1776.0,1337.0,2024-04-12,3.0,386.37
246.0,1384.0,747.0,2025-01-11,5.0,8.9
247.0,1405.0,2456.0,2024-06-12,3.0,395.62
248.0,1287.0,2131.0,2025-02-18,1.0,371.68
250.0,1253.0,1270.0,2024-01-15,2.0,167.11
252.0,1655.0,624.0,2024-11-20,2.0,19.8
253.0,1779.0,514.0,2023-03-28,5.0,96.95
256.0,1418.0,2879.0,2024-09-28,3.0,89.45
257.0,1525.0,1307.0,2025-01-28,4.0,467.1
258.0,1712.0,1118.0,2024-12-09,4.0,322.98
259.0,1047.0,1683.0,2023-04-08,3.0,163.0
260.0,1103.0,1631.0,2023-05-10,2.0,232.16
262.0,1558.0,2479.0,2023-03-20,4.0,255.21
264.0,1024.0,1320.0,2024-08-23,4.0,478.04
265.0,1261.0,1480.0,2024-05-25,3.0,91.43
266.0,1688.0,1884.0,2024-09-09,3.0,458.5
268.0,1208.0,505.0,2023-11-08,5.0,316.99
270.0,1325.0,1714.0,2023-10-25,3.0,419.2
272.0,1144.0,640.0,2025-01-12,4.0,397.57
273.0,1175.0,2604.0,2023-07-31,4.0,272.03
274.0,1347.0,2017.0,2024-06-04,4.0,10.66
275.0,1198.0,2450.0,2025-01-28,3.0,7.04
276.0,1988.0,1311.0,2024-06-07,2.0,471.87
278.0,1876.0,2667.0,2023-05-20,2.0,19.03
279.0,1800.0,1616.0,2023-06-25,1.0,428.15
280.0,1663.0,1866.0,2023-09-16,2.0,164.52
281.0,1366.0,603.0,2024-05-15,4.0,356.23
282.0,1947.0,1529.0,2024-01-10,4.0,107.65
284.0,1235.0,1293.0,2024-04-23,3.0,178.08
286.0,1653.0,139.0,2023-03-18,1.0,420.86
287.0,1672.0,2536.0,2024-04-03,2.0,413.72
288.0,1324.0,1219.0,2025-01-31,5.0,408.02
289.0,1533.0,2912.0,2023-02-26,1.0,246.91
290.0,1877.0,455.0,2023-09-12,2.0,110.25
291.0,1544.0,635.0,2024-06-19,4.0,33.46
292.0,1819.0,392.0,2024-02-27,2.0,191.84
293.0,1741.0,1985.0,2024-09-18,1.0,337.72
294.0,1356.0,853.0,2024-04-20,4.0,211.05
295.0,1449.0,938.0,2024-10-25,3.0,355.93
296.0,1526.0,325.0,2024-06-23,1.0,401.54
297.0,1625.0,785.0,2024-08-11,2.0,471.76
298.0,1638.0,2505.0,2024-11-27,2.0,274.28
299.0,1991.0,606.0,2024-05-16,3.0,225.05
300.0,1621.0,1131.0,2024-02-05,5.0,490.63
301.0,1561.0,2101.0,2023-05-19,4.0,323.2
302.0,1138.0,2506.0,2025-01-16,3.0,205.6
303.0,1889.0,877.0,2024-04-20,3.0,95.83
305.0,1697.0,2384.0,2024-05-16,1.0,287.61
307.0,1540.0,1815.0,2024-08-25,5.0,457.22
308.0,1137.0,2183.0,2023-07-03,4.0,133.22
309.0,1407.0,1878.0,2024-07-17,3.0,95.94
310.0,1438.0,2555.0,2024-01-23,1.0,246.06
311.0,1621.0,1902.0,2023-06-08,2.0,347.93
312.0,1830.0,1108.0,2023-11-28,3.0,396.59
315.0,1855.0,1313.0,2023-09-26,4.0,357.38
318.0,1433.0,6.0,2024-12-13,1.0,116.3
319.0,1674.0,793.0,2024-08-13,3.0,129.34
320.0,1972.0,2565.0,2024-08-05,5.0,401.14
321.0,1667.0,2142.0,2025-02-13,5.0,203.95
322.0,1079.0,1055.0,2024-04-05,2.0,327.07
324.0,1042.0,1403.0,2023-04-18,5.0,36.63
325.0,1758.0,2388.0,2023-10-22,4.0,54.2
326.0,1618.0,332.0,2024-01-06,5.0,397.99
327.0,1553.0,524.0,2023-06-11,1.0,396.3
328.0,1253.0,1995.0,2024-11-14,3.0,349.94
329.0,1189.0,1615.0,2024-12-13,5.0,264.29
330.0,1413.0,95.0,2023-12-20,5.0,99.3
331.0,1226.0,2104.0,2024-10-22,2.0,234.93
333.0,1149.0,1401.0,2023-12-31,4.0,358.44
334.0,1816.0,593.0,2023-11-24,3.0,289.76
335.0,1409.0,2796.0,2023-06-14,4.0,107.38
336.0,1767.0,2383.0,2024-07-01,3.0,295.66
337.0,1866.0,202.0,2024-08-26,1.0,174.78
338.0,1408.0,1158.0,2024-12-12,3.0,315.26
339.0,1968.0,903.0,2024-02-02,2.0,496.03
340.0,1930.0,2999.0,2024-05-31,5.0,31.2
342.0,1516.0,2704.0,2024-04-28,3.0,17.53
343.0,1860.0,1150.0,2023-11-10,3.0,411.85
344.0,1637.0,2356.0,2024-12-15,3.0,427.62
345.0,1653.0,295.0,2024-03-27,2.0,274.4
346.0,1425.0,99.0,2023-05-30,2.0,143.78
347.0,1193.0,579.0,2023-05-27,4.0,376.0
348.0,1904.0,383.0,2023-06-18,1.0,156.51
349.0,1137.0,388.0,2024-12-10,1.0,470.26
350.0,1895.0,1121.0,2023-10-31,1.0,403.66
351.0,1676.0,2314.0,2024-10-19,1.0,16.61
352.0,1118.0,2802.0,2023-12-03,5.0,234.07
354.0,1531.0,883.0,2023-05-28,2.0,249.28
355.0,1190.0,858.0,2023-10-19,4.0,476.91
357.0,1035.0,574.0,2023-10-25,4.0,60.63
358.0,1185.0,1342.0,2024-08-18,1.0,109.81
359.0,1296.0,2417.0,2023-08-08,5.0,71.86
360.0,1119.0,1201.0,2024-08-14,5.0,18.51
361.0,1279.0,1674.0,2024-08-01,4.0,285.5
362.0,1177.0,2000.0,2023-10-21,1.0,93.13
363.0,1036.0,1205.0,2024-07-13,5.0,221.81
364.0,1104.0,127.0,2024-03-24,1.0,46.35
365.0,1941.0,2125.0,2024-12-18,1.0,108.54
366.0,1817.0,337.0,2023-09-21,5.0,379.64
367.0,1148.0,2866.0,2024-11-01,5.0,25.87
368.0,1857.0,1141.0,2023-12-20,2.0,408.45
369.0,1947.0,2318.0,2023-06-23,1.0,196.67
371.0,1338.0,2140.0,2024-04-09,2.0,100.94
372.0,1703.0,2781.0,2023-05-02,4.0,128.29
374.0,1462.0,2854.0,2024-08-11,5.0,139.17
375.0,1008.0,206.0,2024-11-20,1.0,247.8
377.0,1220.0,2684.0,2024-01-31,2.0,237.01
378.0,1190.0,1224.0,2023-04-12,3.0,238.77
379.0,1632.0,1855.0,2024-07-05,2.0,275.18
382.0,1418.0,25.0,2023-05-26,1.0,323.48
383.0,1605.0,1442.0,2023-03-02,2.0,294.23
384.0,1662.0,390.0,2024-03-29,5.0,261.94
385.0,1789.0,119.0,2023-06-19,2.0,406.98
386.0,1598.0,1637.0,2023-07-04,3.0,141.08
387.0,1435.0,2189.0,2024-06-20,2.0,383.51
388.0,1322.0,2491.0,2023-09-05,1.0,154.69
389.0,1183.0,2230.0,2023-04-07,1.0,384.09
391.0,1123.0,1170.0,2025-02-10,2.0,410.6
392.0,1288.0,1337.0,2024-12-07,5.0,417.1
393.0,1344.0,2743.0,2024-02-05,2.0,215.32
394.0,1945.0,2894.0,2024-09-15,3.0,389.39
395.0,1399.0,1265.0,2024-05-04,3.0,311.83
397.0,1672.0,2085.0,2024-02-28,3.0,199.2
398.0,1301.0,1543.0,2023-06-13,2.0,89.2
399.0,1455.0,963.0,2024-03-22,4.0,214.59
400.0,1253.0,2500.0,2023-07-13,1.0,89.2
401.0,1959.0,2059.0,2023-04-26,1.0,389.68
402.0,1272.0,1308.0,2023-08-19,3.0,438.89
403.0,1218.0,938.0,2024-12-23,1.0,75.4
404.0,1822.0,22.0,2025-02-05,1.0,390.05
405.0,1102.0,859.0,2024-08-20,5.0,364.11
406.0,1883.0,1238.0,2024-09-25,3.0,119.13
407.0,1077.0,1579.0,2023-07-12,1.0,494.22
408.0,1247.0,2373.0,2024-04-23,1.0,128.08
410.0,1738.0,2255.0,2024-09-03,5.0,217.34
411.0,1545.0,924.0,2023-09-15,1.0,478.45
413.0,1067.0,1347.0,2025-02-01,4.0,42.38
414.0,1742.0,1875.0,2023-10-20,2.0,350.52
417.0,1171.0,241.0,2024-02-02,5.0,279.06
418.0,1552.0,676.0,2024-11-06,1.0,127.05
420.0,1177.0,640.0,2023-08-27,4.0,91.82
421.0,1099.0,2120.0,2025-02-03,5.0,73.62
423.0,1917.0,967.0,2024-07-13,1.0,270.82
424.0,1594.0,1879.0,2024-02-14,1.0,431.47
425.0,1340.0,2988.0,2024-04-11,1.0,443.25
427.0,1772.0,390.0,2024-07-12,3.0,107.16
428.0,1630.0,666.0,2023-04-01,5.0,207.93
429.0,1709.0,2036.0,2023-07-31,3.0,441.55
430.0,1083.0,452.0,2023-02-25,1.0,483.06
432.0,1607.0,2902.0,2023-04-27,3.0,324.7
433.0,1104.0,1108.0,2024-12-12,2.0,108.89
434.0,1612.0,573.0,2024-03-04,5.0,298.11
435.0,1115.0,1917.0,2023-02-25,3.0,171.33
436.0,1863.0,249.0,2024-09-11,2.0,444.94
437.0,1906.0,1703.0,2024-05-21,1.0,229.71
438.0,1899.0,1873.0,2024-05-03,2.0,261.0
440.0,1634.0,543.0,2023-07-24,4.0,12.66
442.0,1483.0,397.0,2024-09-13,1.0,322.54
444.0,1735.0,2249.0,2024-10-16,3.0,132.38
445.0,1688.0,2747.0,2023-06-30,4.0,469.82
446.0,1890.0,521.0,2024-06-19,4.0,423.78
448.0,1225.0,2728.0,2024-01-25,1.0,418.52
449.0,1275.0,2597.0,2023-09-06,4.0,14.32
454.0,1357.0,2431.0,2023-06-13,5.0,324.22
455.0,1755.0,217.0,2025-01-01,2.0,436.72
457.0,1625.0,1522.0,2024-02-03,5.0,128.05
458.0,1101.0,290.0,2024-04-08,1.0,26.81
460.0,1571.0,2900.0,2023-11-12,3.0,196.82
461.0,1511.0,67.0,2023-07-21,4.0,366.02
463.0,1435.0,2448.0,2024-12-28,5.0,285.4
464.0,1197.0,953.0,2023-08-23,2.0,166.08
465.0,1459.0,1094.0,2023-04-12,1.0,16.51
466.0,1487.0,672.0,2025-01-13,5.0,220.47
467.0,1136.0,1137.0,2024-11-29,3.0,215.21
468.0,1418.0,1452.0,2024-04-30,4.0,204.62
469.0,1854.0,108.0,2023-12-29,3.0,80.8
472.0,1241.0,1901.0,2023-09-06,1.0,139.5
474.0,1992.0,2288.0,2023-09-16,5.0,469.11
475.0,1255.0,2248.0,2024-08-18,4.0,334.43
476.0,1650.0,89.0,2025-01-10,5.0,482.48
478.0,1809.0,2792.0,2023-03-03,4.0,134.06
479.0,1997.0,1672.0,2024-01-28,3.0,157.24
480.0,1649.0,1618.0,2024-12-29,4.0,272.12
481.0,1971.0,425.0,2023-07-24,4.0,169.83
482.0,1251.0,2108.0,2024-10-02,3.0,394.42
484.0,1230.0,2210.0,2023-08-29,3.0,215.19
485.0,1580.0,1392.0,2023-09-13,1.0,284.72
486.0,1384.0,1998.0,2024-05-14,2.0,366.6
488.0,1576.0,52.0,2023-05-18,4.0,398.04
489.0,1652.0,2802.0,2024-09-25,5.0,441.18
490.0,1439.0,2262.0,2023-08-23,5.0,163.75
491.0,1216.0,1217.0,2025-01-16,2.0,375.92
494.0,1785.0,455.0,2024-10-12,4.0,411.71
495.0,1557.0,30.0,2024-05-17,3.0,209.06
496.0,1184.0,2270.0,2023-09-10,2.0,418.25
497.0,1838.0,2966.0,2024-10-16,2.0,354.44
498.0,1284.0,2590.0,2024-09-23,1.0,425.48
499.0,1610.0,141.0,2024-05-15,5.0,69.28
500.0,1937.0,426.0,2024-12-29,5.0,69.3
501.0,1449.0,1223.0,2025-01-25,1.0,212.62
502.0,1620.0,2269.0,2023-04-15,3.0,347.57
503.0,1003.0,1309.0,2023-09-01,5.0,230.48
505.0,1472.0,1185.0,2024-05-11,1.0,190.35
507.0,1503.0,631.0,2024-10-25,3.0,428.01
508.0,1693.0,2155.0,2023-05-03,2.0,358.48
509.0,1339.0,2472.0,2024-12-04,2.0,259.85
510.0,1785.0,2631.0,2024-11-26,1.0,169.4
511.0,1767.0,757.0,2023-11-15,2.0,319.66
512.0,1067.0,2607.0,2024-02-23,5.0,117.94
513.0,1046.0,1654.0,2023-12-07,1.0,412.76
515.0,1471.0,515.0,2024-06-03,5.0,54.93
516.0,1315.0,547.0,2023-10-03,1.0,358.74
517.0,1256.0,1335.0,2023-12-23,3.0,392.97
519.0,1404.0,1682.0,2024-06-30,2.0,439.3
520.0,1011.0,2650.0,2024-02-12,2.0,457.16
522.0,1725.0,1705.0,2023-05-05,5.0,291.63
523.0,1378.0,2345.0,2024-04-21,2.0,420.1
525.0,1987.0,1659.0,2024-07-24,5.0,278.4
526.0,1087.0,490.0,2023-11-15,2.0,84.78
527.0,1925.0,637.0,2024-11-03,1.0,290.69
529.0,1231.0,108.0,2024-06-15,5.0,38.82
530.0,1132.0,1258.0,2023-03-10,4.0,41.67
531.0,1187.0,613.0,2023-06-12,3.0,49.08
532.0,1947.0,2740.0,2024-06-01,5.0,490.96
533.0,1424.0,1393.0,2023-10-27,5.0,151.03
534.0,1966.0,1196.0,2023-04-18,2.0,98.7
535.0,1362.0,1582.0,2023-12-29,2.0,486.3
536.0,1561.0,1087.0,2025-01-31,2.0,467.4
537.0,1132.0,1105.0,2023-10-13,1.0,32.0
538.0,1337.0,353.0,2024-09-30,4.0,466.98
540.0,1396.0,23.0,2024-02-26,4.0,352.22
546.0,1320.0,2565.0,2023-10-15,5.0,15.18
547.0,1461.0,2215.0,2023-10-29,4.0,39.73
548.0,1424.0,174.0,2023-08-11,1.0,97.27
549.0,1914.0,633.0,2023-12-13,1.0,278.66
552.0,1495.0,2129.0,2024-07-03,2.0,163.44
554.0,1077.0,491.0,2023-06-17,1.0,336.21
556.0,1362.0,1239.0,2024-11-15,1.0,294.24
558.0,1002.0,433.0,2024-05-12,4.0,232.45
560.0,1588.0,1279.0,2024-01-09,5.0,129.45
561.0,1797.0,249.0,2023-02-27,2.0,370.94
562.0,1060.0,949.0,2025-01-04,3.0,381.39
563.0,1850.0,2602.0,2024-02-12,2.0,122.32
564.0,1222.0,2805.0,2023-09-23,4.0,374.27
565.0,1871.0,265.0,2023-08-19,2.0,42.03
566.0,1636.0,1134.0,2024-05-27,1.0,330.13
568.0,1580.0,2090.0,2024-06-26,2.0,51.28
569.0,1669.0,651.0,2023-09-08,5.0,212.46
570.0,1713.0,1572.0,2024-10-15,2.0,264.24
571.0,1198.0,264.0,2024-02-27,2.0,423.07
572.0,1211.0,1514.0,2023-10-24,5.0,188.53
573.0,1942.0,1913.0,2023-03-30,1.0,119.89
574.0,1732.0,791.0,2023-08-18,2.0,350.55
575.0,1721.0,666.0,2024-08-06,3.0,296.23
577.0,1013.0,1562.0,2024-11-12,1.0,227.2
579.0,1954.0,2230.0,2024-03-29,2.0,267.26
580.0,1673.0,480.0,2023-11-05,2.0,147.34
581.0,1958.0,808.0,2025-01-08,4.0,232.02
582.0,1028.0,263.0,2023-06-05,4.0,71.86
583.0,1376.0,1306.0,2024-11-23,4.0,46.49
585.0,1212.0,702.0,2023-03-20,1.0,423.27
586.0,1651.0,1998.0,2023-11-01,1.0,411.69
587.0,1980.0,2520.0,2023-10-03,5.0,309.32
589.0,1273.0,2728.0,2023-07-31,2.0,336.6
593.0,1054.0,387.0,2023-05-01,4.0,103.63
594.0,1741.0,422.0,2023-12-18,3.0,180.87
595.0,1016.0,1203.0,2023-10-22,3.0,433.5
596.0,1672.0,2366.0,2024-08-15,1.0,258.51
597.0,1664.0,965.0,2024-04-05,4.0,129.1
598.0,1550.0,2319.0,2024-11-15,3.0,359.29
599.0,1727.0,1129.0,2023-07-13,4.0,65.66
600.0,1469.0,62.0,2024-04-15,2.0,353.81
603.0,1468.0,2941.0,2024-10-07,4.0,377.55
604.0,1662.0,779.0,2024-06-21,3.0,328.02
605.0,1093.0,1968.0,2024-02-28,5.0,418.4
606.0,1104.0,2675.0,2024-06-30,1.0,315.25
607.0,1785.0,46.0,2025-02-19,3.0,305.49
608.0,1319.0,1226.0,2024-05-16,2.0,228.03
609.0,1776.0,844.0,2023-04-10,4.0,284.45
610.0,1745.0,80.0,2024-02-03,5.0,340.27
611.0,1968.0,853.0,2023-03-24,1.0,469.02
612.0,1941.0,2632.0,2023-12-17,5.0,310.0
613.0,1969.0,2003.0,2024-06-09,4.0,312.86
614.0,1521.0,444.0,2023-09-26,1.0,94.84
617.0,1087.0,1074.0,2023-10-08,4.0,151.39
618.0,1351.0,1709.0,2024-09-28,5.0,458.97
619.0,1191.0,1093.0,2025-02-05,4.0,134.63
620.0,1466.0,891.0,2023-03-24,4.0,410.05
621.0,1674.0,1304.0,2025-01-29,3.0,49.0
624.0,1538.0,750.0,2024-11-01,1.0,266.7
625.0,2000.0,1536.0,2024-05-31,5.0,398.44
627.0,1468.0,2063.0,2023-12-15,2.0,32.2
628.0,1778.0,2510.0,2024-05-08,3.0,158.75
629.0,1828.0,1265.0,2024-06-12,4.0,314.36
630.0,1059.0,2691.0,2024-01-28,3.0,249.75
631.0,1955.0,2368.0,2024-08-24,2.0,392.88
632.0,1434.0,716.0,2025-02-03,5.0,358.37
633.0,1183.0,1826.0,2024-12-07,1.0,436.15
634.0,1944.0,858.0,2023-10-08,2.0,58.85
635.0,1705.0,1237.0,2024-06-16,2.0,49.78
636.0,1372.0,1832.0,2023-04-22,1.0,395.95
637.0,1274.0,2989.0,2024-02-22,2.0,13.92
638.0,1572.0,2560.0,2023-05-24,1.0,30.02
640.0,1050.0,443.0,2023-11-01,4.0,387.42
641.0,1505.0,1902.0,2024-09-16,2.0,445.86
642.0,1538.0,1975.0,2024-10-23,2.0,22.49
643.0,1914.0,2377.0,2024-08-03,2.0,132.04
644.0,1538.0,905.0,2024-01-13,5.0,88.14
646.0,1716.0,11.0,2024-02-15,1.0,127.26
647.0,1947.0,2538.0,2024-11-29,5.0,375.78
650.0,1166.0,2272.0,2023-08-27,2.0,385.07
651.0,1492.0,286.0,2025-01-03,1.0,435.01
652.0,1133.0,2178.0,2023-07-28,1.0,466.54
653.0,1879.0,788.0,2023-12-14,4.0,240.98
654.0,1425.0,327.0,2023-05-09,5.0,128.69
656.0,1110.0,237.0,2024-05-22,3.0,472.27
657.0,1090.0,2283.0,2023-07-13,4.0,128.13
658.0,1265.0,2523.0,2025-02-12,2.0,408.93
659.0,1729.0,2175.0,2023-07-23,2.0,158.97
660.0,1298.0,2236.0,2024-11-12,5.0,430.79
662.0,1551.0,1080.0,2024-01-14,4.0,377.33
664.0,1053.0,764.0,2023-09-10,2.0,334.02
665.0,1629.0,2943.0,2024-06-27,1.0,252.45
666.0,1463.0,673.0,2025-01-28,2.0,256.25
667.0,1166.0,2134.0,2024-07-04,1.0,322.8
670.0,1396.0,1811.0,2023-07-22,2.0,296.22
671.0,1579.0,1561.0,2024-05-26,3.0,347.12
673.0,1994.0,228.0,2023-05-18,2.0,216.52
674.0,1028.0,2855.0,2023-03-02,2.0,376.01
677.0,1848.0,2260.0,2023-06-11,4.0,14.28
679.0,1674.0,1965.0,2025-02-14,4.0,338.0
681.0,1619.0,2991.0,2023-12-11,3.0,296.7
682.0,1400.0,2487.0,2024-07-23,2.0,326.6
683.0,1589.0,519.0,2024-07-03,1.0,377.41
685.0,1854.0,2981.0,2025-01-31,2.0,67.17
687.0,1341.0,825.0,2024-11-28,3.0,285.09
688.0,1078.0,2958.0,2023-11-05,3.0,119.39
689.0,1195.0,1606.0,2024-05-08,1.0,340.72
690.0,1303.0,1839.0,2023-04-22,3.0,229.92
691.0,1918.0,1104.0,2023-09-06,5.0,499.36
692.0,1800.0,2250.0,2023-05-11,5.0,49.44
693.0,1409.0,766.0,2024-01-16,1.0,410.47
695.0,1204.0,1797.0,2024-01-07,4.0,97.72
696.0,1598.0,137.0,2024-11-01,4.0,400.46
697.0,1279.0,1796.0,2023-11-02,1.0,255.46
699.0,1547.0,213.0,2025-02-01,2.0,359.14
700.0,1331.0,1508.0,2023-11-07,3.0,122.65
702.0,1522.0,1455.0,2024-07-23,5.0,211.05
703.0,1780.0,260.0,2023-09-28,3.0,55.1
704.0,1052.0,678.0,2024-09-02,2.0,298.3
705.0,1171.0,2727.0,2023-03-02,4.0,133.37
706.0,1174.0,716.0,2024-10-24,3.0,67.08
708.0,1793.0,2392.0,2023-07-31,1.0,8.11
709.0,1971.0,1049.0,2025-01-09,1.0,170.34
710.0,1808.0,1071.0,2024-04-27,2.0,345.63
712.0,1154.0,1866.0,2023-05-10,4.0,456.03
713.0,1854.0,538.0,2023-05-27,1.0,96.41
714.0,1068.0,788.0,2024-11-14,5.0,335.12
717.0,1789.0,1271.0,2024-08-24,5.0,347.2
718.0,1989.0,551.0,2023-06-02,4.0,280.38
719.0,1769.0,1968.0,2023-07-02,4.0,372.21
720.0,1992.0,819.0,2024-05-11,3.0,189.86
722.0,1316.0,327.0,2024-08-17,2.0,417.93
723.0,1141.0,2616.0,2024-08-07,2.0,138.75
724.0,1776.0,2164.0,2023-09-15,5.0,323.4
726.0,1831.0,535.0,2024-10-19,5.0,187.27
727.0,1447.0,2037.0,2023-07-27,5.0,174.73
728.0,1375.0,1687.0,2025-01-19,4.0,219.43
729.0,1800.0,940.0,2023-12-23,2.0,34.85
730.0,1682.0,2732.0,2023-08-28,5.0,354.2
732.0,1507.0,2884.0,2024-03-16,1.0,109.21
733.0,1974.0,49.0,2023-04-06,1.0,169.65
734.0,1313.0,1556.0,2025-01-30,5.0,132.58
736.0,1110.0,2883.0,2023-08-02,4.0,229.83
738.0,1677.0,989.0,2023-03-03,5.0,154.83
739.0,1870.0,1553.0,2024-12-01,4.0,214.45
740.0,1692.0,2350.0,2024-12-10,4.0,164.14
741.0,1749.0,2730.0,2024-03-11,4.0,276.75
742.0,1957.0,2594.0,2024-11-17,2.0,169.63
744.0,1652.0,555.0,2023-08-28,3.0,101.8
746.0,1603.0,383.0,2024-08-05,3.0,276.52
748.0,1836.0,1686.0,2025-02-03,2.0,252.12
749.0,1374.0,384.0,2023-07-20,2.0,466.69
750.0,1733.0,2182.0,2023-05-26,4.0,167.25
753.0,1060.0,2882.0,2023-05-17,3.0,279.3
754.0,1646.0,1572.0,2024-01-24,2.0,335.33
757.0,1300.0,2974.0,2024-01-03,3.0,163.66
758.0,1293.0,2528.0,2023-04-07,4.0,360.92
759.0,1103.0,732.0,2024-06-09,5.0,365.19
760.0,1904.0,781.0,2025-01-19,1.0,225.71
762.0,1656.0,1053.0,2024-05-04,5.0,182.85
763.0,1683.0,2872.0,2024-03-15,5.0,246.33
764.0,1489.0,1975.0,2024-10-01,5.0,40.35
765.0,1081.0,228.0,2023-12-04,5.0,360.61
767.0,1928.0,9.0,2023-10-28,5.0,48.53
768.0,1615.0,1118.0,2024-07-29,2.0,255.77
769.0,1838.0,73.0,2024-01-16,4.0,377.27
770.0,1444.0,99.0,2023-08-08,1.0,492.29
771.0,1653.0,743.0,2023-05-12,3.0,102.85
772.0,1351.0,2612.0,2025-02-20,5.0,480.95
774.0,1116.0,2752.0,2024-08-29,1.0,171.1
775.0,1834.0,381.0,2025-01-25,2.0,281.91
776.0,1257.0,1152.0,2024-08-25,1.0,402.89
777.0,1997.0,2726.0,2023-11-13,5.0,177.76
779.0,1629.0,2384.0,2023-05-26,2.0,44.51
780.0,1353.0,846.0,2023-06-21,2.0,104.9
781.0,1813.0,622.0,2023-04-22,4.0,270.35
782.0,1415.0,1291.0,2023-07-16,2.0,289.16
783.0,1903.0,1308.0,2024-10-12,5.0,300.3
785.0,1158.0,1064.0,2024-09-25,1.0,112.31
786.0,1953.0,2695.0,2023-08-28,2.0,366.01
787.0,1820.0,2751.0,2024-08-12,3.0,169.0
788.0,1222.0,2339.0,2023-05-19,5.0,31.04
789.0,1094.0,1369.0,2024-03-31,1.0,68.09
790.0,1889.0,58.0,2024-06-19,2.0,249.89
792.0,1016.0,2229.0,2024-01-19,1.0,385.92
793.0,1796.0,1286.0,2024-04-27,1.0,101.11
794.0,1988.0,2017.0,2023-06-13,3.0,98.37
795.0,1706.0,1587.0,2023-12-05,3.0,366.58
796.0,1941.0,866.0,2024-02-20,3.0,394.64
797.0,1563.0,1074.0,2024-06-11,3.0,220.36
798.0,1971.0,2905.0,2024-04-11,3.0,262.52
799.0,1655.0,1115.0,2023-07-02,2.0,407.84
800.0,1698.0,451.0,2023-07-26,2.0,489.93
801.0,1810.0,970.0,2024-06-06,3.0,74.5
802.0,1214.0,2136.0,2023-11-19,4.0,5.54
804.0,1178.0,241.0,2023-04-21,4.0,318.12
806.0,1763.0,622.0,2025-02-07,2.0,183.99
808.0,1801.0,1259.0,2024-09-21,5.0,421.72
810.0,1536.0,2861.0,2023-05-12,4.0,355.63
814.0,1011.0,188.0,2025-02-15,5.0,402.77
815.0,1594.0,849.0,2023-05-03,3.0,193.46
816.0,1138.0,383.0,2024-12-15,2.0,56.64
817.0,1758.0,2026.0,2023-08-05,2.0,310.09
818.0,1892.0,2728.0,2024-08-27,5.0,271.35
820.0,1201.0,427.0,2024-06-26,5.0,318.12
821.0,1273.0,1683.0,2024-06-01,4.0,427.26
823.0,1305.0,764.0,2024-07-17,2.0,464.3
824.0,1997.0,2458.0,2025-02-06,5.0,238.4
825.0,1809.0,1095.0,2024-12-08,5.0,346.9
827.0,1921.0,2315.0,2024-06-27,1.0,189.53
828.0,1730.0,1271.0,2023-05-12,5.0,46.51
830.0,1249.0,1797.0,2023-07-28,4.0,495.55
831.0,1719.0,1850.0,2023-09-28,5.0,348.86
832.0,1812.0,1099.0,2023-04-08,2.0,118.41
833.0,1381.0,2215.0,2024-11-18,3.0,149.75
834.0,1873.0,588.0,2023-04-08,5.0,318.74
835.0,1710.0,586.0,2024-10-28,3.0,458.02
836.0,1037.0,975.0,2023-10-22,1.0,40.85
841.0,1345.0,1920.0,2023-08-02,1.0,138.17
842.0,1241.0,1123.0,2024-04-11,4.0,172.05
846.0,1246.0,483.0,2024-06-27,2.0,424.71
847.0,1776.0,1081.0,2023-05-30,1.0,178.14
848.0,1311.0,2768.0,2023-03-14,2.0,445.77
849.0,1495.0,2327.0,2023-05-12,5.0,175.61
850.0,1384.0,178.0,2024-12-24,3.0,313.04
851.0,1033.0,2073.0,2024-01-17,2.0,80.81
852.0,1279.0,2759.0,2024-07-18,3.0,441.71
855.0,1661.0,1762.0,2023-08-01,5.0,433.82
857.0,1167.0,216.0,2023-04-02,1.0,132.51
858.0,1107.0,2983.0,2023-04-18,1.0,13.02
860.0,1888.0,918.0,2024-08-12,3.0,459.51
862.0,1745.0,685.0,2023-09-23,3.0,55.56
863.0,1244.0,1271.0,2024-01-20,3.0,12.96
864.0,1196.0,368.0,2024-05-04,1.0,183.97
865.0,1500.0,1596.0,2024-03-10,4.0,436.59
866.0,1162.0,665.0,2024-11-08,5.0,36.55
867.0,1635.0,1414.0,2023-05-28,5.0,386.42
872.0,1564.0,846.0,2024-11-24,2.0,225.99
873.0,1784.0,459.0,2023-05-06,3.0,470.77
874.0,1769.0,265.0,2025-01-17,4.0,398.62
877.0,1927.0,837.0,2024-10-28,4.0,328.27
879.0,1864.0,1240.0,2023-09-14,3.0,367.55
880.0,1737.0,2503.0,2025-01-30,3.0,306.79
881.0,1434.0,980.0,2024-04-30,1.0,102.32
882.0,1149.0,36.0,2024-02-20,5.0,213.93
884.0,1051.0,1933.0,2023-04-06,5.0,440.03
885.0,1505.0,416.0,2023-08-12,2.0,181.89
886.0,1874.0,2135.0,2024-06-15,2.0,472.94
887.0,1809.0,2126.0,2024-01-22,5.0,264.71
888.0,1945.0,1022.0,2023-07-18,3.0,52.8
889.0,1794.0,87.0,2024-03-21,4.0,361.09
891.0,1483.0,2680.0,2023-06-17,1.0,339.47
893.0,1259.0,2367.0,2024-08-17,4.0,291.8
894.0,1794.0,1265.0,2024-09-11,4.0,367.85
895.0,1498.0,444.0,2024-04-02,2.0,40.64
896.0,1915.0,1504.0,2023-12-19,1.0,95.46
899.0,1664.0,772.0,2024-10-08,4.0,35.52
900.0,1713.0,351.0,2023-05-11,4.0,216.75
901.0,1202.0,1252.0,2023-10-02,4.0,106.81
903.0,1056.0,2595.0,2024-12-30,4.0,138.93
905.0,1601.0,1286.0,2025-02-12,3.0,116.3
906.0,1625.0,1513.0,2023-09-14,2.0,312.46
909.0,1715.0,1779.0,2023-07-23,4.0,160.35
910.0,1933.0,2770.0,2024-02-17,3.0,195.61
911.0,1184.0,1106.0,2024-10-20,3.0,245.55
913.0,1780.0,656.0,2025-02-08,5.0,46.99
914.0,1391.0,1920.0,2023-08-06,2.0,213.35
915.0,1489.0,1380.0,2024-04-06,3.0,476.17
916.0,1952.0,1574.0,2024-01-22,1.0,99.98
918.0,1375.0,1109.0,2024-03-11,5.0,402.28
919.0,1498.0,2118.0,2023-05-04,2.0,312.52
921.0,1489.0,1318.0,2024-01-23,1.0,213.41
922.0,1566.0,1792.0,2024-12-19,3.0,391.64
924.0,1894.0,2737.0,2023-07-11,3.0,246.01
925.0,1032.0,1223.0,2023-04-08,1.0,266.45
926.0,1981.0,1361.0,2023-12-21,5.0,384.6
927.0,1373.0,284.0,2023-08-26,2.0,169.44
928.0,1098.0,548.0,2025-02-12,1.0,470.11
929.0,1879.0,2366.0,2023-12-15,4.0,299.91
930.0,1646.0,1485.0,2023-12-21,2.0,74.19
931.0,1865.0,2682.0,2024-05-02,4.0,102.21
932.0,1291.0,374.0,2024-11-08,1.0,292.6
934.0,1408.0,2634.0,2024-03-21,2.0,416.76
935.0,1388.0,2807.0,2023-08-18,3.0,360.81
936.0,1916.0,2957.0,2024-07-12,3.0,446.86
937.0,1945.0,1304.0,2024-06-11,1.0,235.24
938.0,1317.0,2519.0,2023-06-28,1.0,128.75
939.0,1827.0,144.0,2024-10-21,3.0,290.98
941.0,1316.0,153.0,2023-07-23,5.0,70.68
942.0,1192.0,2940.0,2023-03-05,5.0,234.99
944.0,1713.0,1371.0,2024-03-26,4.0,342.82
945.0,1423.0,2303.0,2023-08-11,2.0,481.5
946.0,1286.0,2306.0,2024-01-14,1.0,160.3
948.0,1855.0,1762.0,2024-07-15,4.0,64.96
949.0,1662.0,1281.0,2023-09-07,2.0,10.89
950.0,1236.0,1285.0,2024-04-03,1.0,385.49
951.0,1611.0,2396.0,2024-03-28,5.0,294.2
952.0,1748.0,2035.0,2023-05-12,1.0,189.66
953.0,1120.0,2572.0,2024-11-01,1.0,117.84
954.0,1371.0,1323.0,2023-04-03,2.0,168.82
955.0,1763.0,1114.0,2025-01-24,3.0,115.65
956.0,1141.0,1399.0,2025-02-02,5.0,253.17
959.0,1246.0,466.0,2024-11-15,1.0,348.81
960.0,1981.0,1368.0,2024-12-04,2.0,306.79
961.0,1477.0,113.0,2024-05-31,3.0,487.15
962.0,1426.0,2056.0,2024-08-01,1.0,289.36
963.0,1122.0,2555.0,2024-05-09,4.0,64.45
964.0,1063.0,1999.0,2023-09-08,5.0,455.36
966.0,1873.0,937.0,2024-08-29,4.0,493.61
968.0,1751.0,2180.0,2023-02-28,1.0,309.16
970.0,1825.0,1902.0,2025-02-06,4.0,76.79
971.0,1470.0,2819.0,2025-01-22,4.0,175.64
972.0,1000.0,191.0,2023-11-20,4.0,111.28
973.0,1287.0,1733.0,2024-01-21,1.0,485.01
975.0,1706.0,2556.0,2023-12-13,2.0,130.2
976.0,1438.0,166.0,2024-07-02,3.0,147.05
977.0,1213.0,126.0,2024-10-27,2.0,121.61
978.0,1371.0,1792.0,2023-02-26,3.0,222.73
979.0,1027.0,139.0,2023-07-07,3.0,75.31
982.0,1034.0,1480.0,2024-11-07,3.0,182.88
983.0,1141.0,2730.0,2025-02-09,5.0,373.41
984.0,1500.0,92.0,2024-08-06,3.0,350.17
985.0,1890.0,2058.0,2024-08-20,2.0,157.32
986.0,1562.0,475.0,2024-01-29,4.0,487.43
987.0,1035.0,1285.0,2023-06-21,3.0,124.06
988.0,1268.0,49.0,2023-03-07,2.0,135.91
989.0,1900.0,2001.0,2024-10-17,4.0,292.89
990.0,1115.0,1057.0,2023-11-27,5.0,272.6
993.0,1691.0,563.0,2024-10-07,3.0,354.02
994.0,1204.0,1655.0,2023-06-25,5.0,123.27
996.0,1907.0,772.0,2023-09-09,4.0,419.27
997.0,1117.0,134.0,2024-12-16,1.0,98.7
1000.0,1289.0,910.0,2023-08-20,1.0,447.02
1001.0,1746.0,2479.0,2025-01-29,4.0,39.76
1002.0,1208.0,1462.0,2024-03-27,1.0,37.44
1003.0,1178.0,1488.0,2024-09-04,4.0,73.0
1004.0,1434.0,2330.0,2023-03-26,3.0,92.8
1006.0,1919.0,2455.0,2023-08-11,4.0,341.65
1007.0,1518.0,2151.0,2023-09-18,2.0,244.67
1010.0,1757.0,2811.0,2024-01-21,1.0,276.07
1013.0,1540.0,120.0,2023-10-09,5.0,460.58
1014.0,1476.0,2042.0,2024-05-14,4.0,29.95
1016.0,1539.0,996.0,2024-10-31,1.0,134.02
1017.0,1454.0,571.0,2023-10-04,1.0,37.08
1018.0,1018.0,2526.0,2024-02-17,5.0,430.6
1019.0,1344.0,2319.0,2023-04-02,2.0,299.99
1020.0,1344.0,2070.0,2024-07-10,5.0,212.13
1021.0,1513.0,2867.0,2024-09-19,5.0,79.13
1022.0,1612.0,94.0,2023-06-17,5.0,436.72
1025.0,1305.0,320.0,2023-04-19,3.0,426.77
1028.0,1601.0,1114.0,2024-10-06,5.0,76.13
1029.0,1299.0,1977.0,2024-07-24,5.0,196.86
1030.0,1239.0,2671.0,2024-01-10,2.0,188.28
1032.0,1963.0,73.0,2023-04-03,3.0,72.74
1033.0,1144.0,2333.0,2024-10-16,3.0,141.3
1036.0,1286.0,1543.0,2024-08-04,3.0,285.97
1037.0,1071.0,299.0,2024-04-17,5.0,306.86
1038.0,1474.0,2844.0,2023-12-30,3.0,202.52
1039.0,1071.0,763.0,2024-10-02,5.0,437.67
1040.0,1238.0,186.0,2024-12-01,1.0,172.28
1041.0,1117.0,1237.0,2023-07-17,3.0,442.37
1043.0,1873.0,2105.0,2024-03-06,3.0,164.03
1044.0,1436.0,800.0,2024-07-03,5.0,90.53
1045.0,1122.0,2445.0,2024-05-14,1.0,156.34
1046.0,1468.0,1251.0,2025-02-11,4.0,92.84
1048.0,1797.0,920.0,2024-05-13,3.0,211.6
1049.0,1429.0,1279.0,2024-09-19,5.0,410.93
1050.0,1678.0,1460.0,2024-04-15,4.0,212.76
1051.0,1607.0,2575.0,2024-02-23,4.0,68.97
1052.0,1532.0,1511.0,2023-05-25,5.0,135.13
1054.0,1432.0,937.0,2024-09-08,4.0,331.89
1055.0,1170.0,360.0,2024-03-29,1.0,10.66
1057.0,1982.0,1600.0,2023-04-10,5.0,447.13
1058.0,1508.0,2800.0,2024-04-26,4.0,357.09
1059.0,1636.0,352.0,2023-05-29,3.0,406.91
1060.0,1505.0,2587.0,2024-06-10,1.0,361.78
1063.0,1692.0,63.0,2023-12-07,1.0,472.01
1064.0,1750.0,633.0,2024-11-01,3.0,426.01
1066.0,1597.0,246.0,2024-10-15,1.0,402.74
1068.0,1318.0,2792.0,2023-08-08,5.0,37.91
1069.0,1574.0,1673.0,2024-08-25,2.0,420.09
1070.0,1532.0,1207.0,2023-09-26,2.0,87.77
1071.0,1479.0,1677.0,2023-08-31,3.0,368.19
1072.0,1929.0,1657.0,2024-09-14,4.0,269.34
1073.0,1239.0,1160.0,2023-10-01,1.0,285.42
1075.0,1746.0,411.0,2024-11-01,2.0,161.0
1076.0,1940.0,442.0,2023-11-17,1.0,246.31
1077.0,1742.0,1515.0,2024-10-12,3.0,290.21
1078.0,1688.0,2207.0,2023-11-09,2.0,439.07
1079.0,1925.0,629.0,2023-06-17,2.0,332.2
1080.0,1855.0,1791.0,2023-11-07,5.0,222.42
1081.0,1290.0,2678.0,2024-11-26,2.0,229.24
1082.0,1912.0,629.0,2023-06-30,2.0,16.79
1083.0,1057.0,111.0,2024-04-09,1.0,256.82
1085.0,1799.0,2668.0,2023-07-22,5.0,26.85
1086.0,1327.0,2578.0,2023-12-04,3.0,123.89
1087.0,1612.0,195.0,2023-06-05,4.0,475.0
1088.0,1236.0,1207.0,2024-10-28,1.0,30.95
1090.0,1821.0,1120.0,2023-08-28,5.0,446.89
1091.0,1957.0,2008.0,2023-08-22,3.0,271.05
1092.0,1304.0,209.0,2025-02-09,5.0,180.74
1094.0,1183.0,1550.0,2023-12-24,5.0,197.19
1095.0,1206.0,1954.0,2024-02-13,2.0,40.63
1096.0,1035.0,2087.0,2023-06-12,3.0,380.39
1099.0,1446.0,2044.0,2023-04-15,2.0,395.83
1100.0,1284.0,1929.0,2023-10-19,1.0,12.38
1101.0,1064.0,2768.0,2023-10-04,2.0,31.25
1102.0,1893.0,1568.0,2024-01-09,3.0,298.82
1103.0,1923.0,1798.0,2023-09-19,5.0,64.07
1105.0,1079.0,986.0,2023-07-23,4.0,293.9
1106.0,1567.0,1609.0,2023-12-03,3.0,288.53
1107.0,1224.0,978.0,2024-11-05,4.0,227.02
1109.0,1546.0,638.0,2023-06-01,1.0,438.48
1110.0,1192.0,2324.0,2024-01-19,4.0,107.57
1111.0,1064.0,1646.0,2023-07-06,5.0,55.29
1112.0,1434.0,655.0,2024-04-30,1.0,427.74
1113.0,1998.0,2047.0,2024-01-05,3.0,442.06
1115.0,1418.0,2636.0,2024-04-20,2.0,417.26
1116.0,1975.0,1150.0,2024-04-21,4.0,37.83
1117.0,1923.0,2028.0,2024-08-15,5.0,434.33
1119.0,1164.0,843.0,2023-06-16,4.0,181.72
1121.0,1437.0,2189.0,2024-04-13,1.0,129.42
1123.0,1067.0,702.0,2024-02-11,4.0,29.15
1124.0,1454.0,2405.0,2024-12-16,5.0,364.09
1125.0,1395.0,1300.0,2023-05-10,3.0,302.34
1126.0,1160.0,544.0,2024-01-28,1.0,493.71
1127.0,1268.0,50.0,2024-12-01,1.0,428.84
1128.0,1635.0,596.0,2024-09-24,2.0,321.0
1129.0,1167.0,445.0,2024-06-21,4.0,452.28
1131.0,1200.0,880.0,2024-03-06,3.0,63.24
1132.0,1064.0,1970.0,2025-02-07,5.0,78.67
1133.0,1360.0,2016.0,2023-06-27,4.0,336.14
1135.0,1033.0,792.0,2024-04-26,3.0,286.88
1136.0,1995.0,204.0,2023-07-29,4.0,24.91
1138.0,1662.0,1214.0,2023-09-22,3.0,115.74
1139.0,1718.0,2164.0,2023-12-06,4.0,23.61
1140.0,1890.0,2469.0,2024-01-26,2.0,383.19
1141.0,1598.0,856.0,2024-06-13,2.0,409.99
1142.0,1134.0,558.0,2023-07-08,4.0,178.6
1143.0,1273.0,1316.0,2023-06-03,4.0,384.3
1144.0,1218.0,707.0,2023-03-23,4.0,33.61
1145.0,1847.0,358.0,2024-06-21,5.0,313.88
1146.0,1755.0,2610.0,2024-06-07,2.0,113.0
1148.0,1148.0,397.0,2024-06-23,3.0,258.68
1149.0,1352.0,518.0,2025-01-05,3.0,229.85
1151.0,1391.0,34.0,2023-10-09,5.0,8.87
1152.0,1467.0,2652.0,2023-06-16,3.0,399.57
1153.0,1149.0,1358.0,2024-09-19,3.0,245.1
1154.0,1010.0,387.0,2024-05-18,1.0,316.87
1155.0,1017.0,367.0,2024-09-11,1.0,432.6
1157.0,1236.0,2176.0,2024-06-13,2.0,255.83
1158.0,1631.0,465.0,2024-07-07,3.0,340.07
1161.0,1692.0,1868.0,2023-07-16,4.0,370.42
1164.0,1191.0,2573.0,2024-01-15,4.0,141.59
1165.0,1437.0,480.0,2024-09-13,2.0,341.47
1167.0,1907.0,2592.0,2024-09-13,3.0,460.71
1168.0,1797.0,1201.0,2023-09-27,5.0,361.25
1171.0,1402.0,1498.0,2025-02-08,2.0,281.35
1172.0,1873.0,1440.0,2023-11-02,3.0,135.77
1173.0,1632.0,1804.0,2025-02-02,3.0,83.63
1174.0,1552.0,1834.0,2023-07-04,5.0,238.22
1175.0,1320.0,763.0,2025-02-08,1.0,56.55
1176.0,1387.0,273.0,2024-08-29,3.0,485.25
1177.0,1151.0,1315.0,2024-07-22,4.0,366.37
1178.0,1149.0,1298.0,2023-10-03,3.0,480.97
1179.0,1215.0,175.0,2023-08-10,2.0,197.39
1180.0,1113.0,2965.0,2024-02-01,3.0,90.75
1181.0,1918.0,916.0,2023-12-07,2.0,368.41
1184.0,1892.0,1579.0,2023-09-22,3.0,32.5
1186.0,1459.0,1568.0,2024-09-11,4.0,331.82
1187.0,1441.0,2586.0,2024-09-03,4.0,80.38
1188.0,1680.0,430.0,2024-07-28,4.0,438.71
1189.0,1251.0,859.0,2024-12-02,4.0,394.59
1190.0,1005.0,1515.0,2023-10-28,3.0,67.0
1191.0,1046.0,2757.0,2023-09-24,1.0,92.09
1192.0,1069.0,1480.0,2024-08-31,1.0,450.88
1193.0,1257.0,1777.0,2025-02-01,5.0,5.25
1194.0,1070.0,687.0,2024-03-14,1.0,431.74
1198.0,1695.0,186.0,2023-05-23,5.0,428.7
1200.0,1554.0,1643.0,2023-05-11,4.0,11.39
1202.0,1785.0,1161.0,2023-08-05,3.0,347.53
1204.0,1401.0,545.0,2024-03-31,5.0,260.24
1205.0,1292.0,2391.0,2023-06-27,3.0,361.01
1206.0,1504.0,602.0,2024-03-07,1.0,379.57
1208.0,1580.0,1222.0,2024-09-16,1.0,328.13
1209.0,1222.0,1761.0,2023-05-24,1.0,353.16
1210.0,1251.0,2634.0,2024-09-28,5.0,365.39
1211.0,1252.0,1012.0,2024-09-19,2.0,193.02
1212.0,1941.0,527.0,2025-02-08,5.0,395.81
1215.0,1605.0,359.0,2023-09-16,4.0,237.36
1216.0,1629.0,1418.0,2023-05-11,3.0,400.22
1218.0,1573.0,1171.0,2024-06-21,4.0,354.53
1219.0,1437.0,2929.0,2024-09-09,1.0,223.89
1220.0,1107.0,1356.0,2023-12-01,5.0,26.65
1221.0,1503.0,758.0,2024-09-17,3.0,108.47
1222.0,1135.0,2206.0,2024-03-28,3.0,421.45
1224.0,1916.0,2495.0,2023-08-01,3.0,242.3
1225.0,1266.0,2420.0,2024-07-02,5.0,256.85
1227.0,1389.0,2118.0,2023-06-08,1.0,126.22
1228.0,1230.0,1210.0,2024-07-23,2.0,366.84
1231.0,1573.0,2362.0,2025-01-30,1.0,242.3
1232.0,1821.0,1748.0,2023-06-01,2.0,41.25
1235.0,1382.0,943.0,2025-02-13,4.0,416.24
1236.0,1845.0,2622.0,2024-03-16,1.0,203.09
1237.0,1409.0,148.0,2025-01-15,4.0,132.81
1239.0,1447.0,2441.0,2025-01-06,5.0,150.93
1241.0,1247.0,248.0,2023-08-10,5.0,415.44
1242.0,1324.0,2879.0,2025-02-12,2.0,114.21
1244.0,1051.0,1550.0,2023-07-29,2.0,45.31
1247.0,1324.0,189.0,2023-11-12,5.0,100.8
1248.0,1271.0,2464.0,2023-05-24,3.0,143.24
1249.0,1428.0,2744.0,2025-01-15,5.0,50.31
1250.0,1214.0,2407.0,2024-07-05,5.0,245.7
1251.0,1170.0,97.0,2023-12-11,5.0,79.19
1256.0,1630.0,627.0,2024-07-20,4.0,461.17
1257.0,1893.0,260.0,2024-05-26,2.0,347.44
1258.0,1699.0,1513.0,2024-09-03,2.0,39.44
1259.0,1417.0,616.0,2023-08-28,3.0,246.85
1260.0,1149.0,2753.0,2024-12-20,4.0,419.69
1262.0,1560.0,1745.0,2025-01-04,3.0,184.94
1264.0,1517.0,2417.0,2024-03-20,1.0,58.96
1265.0,1101.0,697.0,2023-12-19,4.0,257.41
1267.0,1860.0,1092.0,2024-02-12,1.0,150.35
1268.0,1103.0,1651.0,2023-05-09,3.0,404.64
1269.0,1511.0,1343.0,2024-04-14,3.0,423.47
1272.0,1976.0,939.0,2024-05-08,2.0,265.83
1274.0,1014.0,2922.0,2024-10-29,5.0,9.29
1276.0,1595.0,2.0,2025-01-24,1.0,346.43
1277.0,1445.0,1499.0,2023-09-24,3.0,125.91
1278.0,1372.0,2141.0,2024-03-11,4.0,18.71
1283.0,1188.0,1151.0,2024-03-12,3.0,456.26
1284.0,1025.0,741.0,2023-07-29,1.0,392.14
1285.0,1161.0,175.0,2024-11-29,5.0,414.41
1286.0,1869.0,2523.0,2023-09-19,4.0,177.76
1287.0,1187.0,1599.0,2023-05-29,3.0,15.26
1288.0,1934.0,585.0,2025-01-13,2.0,329.0
1289.0,1217.0,440.0,2023-06-11,1.0,361.68
1290.0,1262.0,1711.0,2025-02-16,4.0,150.29
1291.0,1043.0,11.0,2024-03-31,5.0,60.13
1292.0,1663.0,1557.0,2023-12-26,2.0,198.27
1293.0,1161.0,1961.0,2023-09-23,1.0,78.97
1294.0,1278.0,1290.0,2024-10-18,2.0,159.52
1295.0,1427.0,1490.0,2024-06-01,1.0,119.52
1296.0,1320.0,1824.0,2023-07-02,5.0,471.42
1297.0,1179.0,878.0,2023-08-04,1.0,195.3
1299.0,1688.0,2366.0,2023-11-05,1.0,99.49
1301.0,1135.0,71.0,2023-11-28,4.0,380.56
1302.0,1386.0,547.0,2024-05-13,1.0,34.06
1303.0,1261.0,28.0,2024-02-24,2.0,164.34
1304.0,1685.0,2479.0,2024-10-17,2.0,358.41
1305.0,1189.0,2535.0,2024-04-26,3.0,429.4
1306.0,1157.0,1646.0,2024-06-07,4.0,324.11
1308.0,1539.0,1332.0,2025-01-24,4.0,389.33
1309.0,1447.0,1651.0,2023-07-07,5.0,202.28
1310.0,1797.0,725.0,2023-10-06,2.0,480.86
1311.0,1476.0,749.0,2024-01-16,5.0,39.78
1312.0,1394.0,2760.0,2024-01-18,4.0,333.69
1313.0,1636.0,1408.0,2023-08-27,4.0,422.7
1314.0,1418.0,2968.0,2023-05-05,4.0,106.32
1315.0,1964.0,2238.0,2024-02-17,1.0,301.09
1317.0,1554.0,1140.0,2023-03-04,2.0,289.14
1322.0,1168.0,1335.0,2023-10-25,1.0,189.19
1323.0,1448.0,1789.0,2023-11-08,4.0,248.93
1326.0,1145.0,2724.0,2024-10-24,1.0,260.42
1327.0,1805.0,2960.0,2024-03-03,3.0,485.82
1328.0,1819.0,1537.0,2023-08-20,2.0,325.75
1329.0,1486.0,706.0,2023-11-12,5.0,452.98
1330.0,1829.0,2300.0,2023-07-08,5.0,343.33
1331.0,1525.0,1344.0,2024-07-01,2.0,411.38
1332.0,1191.0,555.0,2025-01-19,3.0,59.36
1333.0,1386.0,2630.0,2024-10-07,3.0,425.35
1334.0,1584.0,466.0,2024-06-18,5.0,467.41
1335.0,1474.0,1290.0,2024-06-28,1.0,362.17
1336.0,1900.0,788.0,2024-10-08,3.0,146.24
1338.0,1201.0,639.0,2023-07-08,4.0,264.63
1340.0,1666.0,890.0,2023-06-13,5.0,340.55
1341.0,1521.0,1096.0,2023-04-19,2.0,17.85
1342.0,1011.0,1303.0,2025-01-07,1.0,368.0
1344.0,1567.0,1808.0,2025-01-19,3.0,391.31
1345.0,1726.0,2167.0,2023-04-28,5.0,280.37
1347.0,1657.0,667.0,2024-07-16,4.0,495.66
1348.0,1162.0,720.0,2024-11-07,4.0,371.48
1349.0,1249.0,2638.0,2025-02-07,3.0,255.33
1351.0,1835.0,1326.0,2024-07-22,1.0,381.06
1352.0,1376.0,988.0,2025-02-02,2.0,262.61
1353.0,1570.0,136.0,2023-08-04,3.0,411.7
1355.0,1689.0,561.0,2023-11-21,3.0,272.38
1356.0,1716.0,1140.0,2024-07-04,3.0,306.49
1357.0,1602.0,2161.0,2024-12-21,3.0,422.25
1358.0,1017.0,2426.0,2024-10-21,3.0,160.75
1359.0,1152.0,1713.0,2024-01-24,1.0,481.69
1361.0,1607.0,1619.0,2024-10-16,3.0,315.93
1362.0,1268.0,2185.0,2023-11-29,1.0,185.82
1365.0,1905.0,192.0,2023-03-30,5.0,209.78
1366.0,1114.0,2035.0,2023-03-05,3.0,23.75
1367.0,1500.0,1581.0,2023-11-24,4.0,426.95
1369.0,1761.0,630.0,2024-11-04,2.0,415.55
1370.0,1993.0,1612.0,2023-10-12,5.0,276.31
1371.0,1234.0,1235.0,2024-11-28,2.0,496.37
1372.0,1856.0,1166.0,2023-05-09,4.0,140.8
1373.0,1698.0,2968.0,2024-05-24,4.0,95.21
1374.0,1789.0,1655.0,2024-09-20,1.0,61.54
1375.0,1206.0,214.0,2024-10-05,4.0,173.59
1376.0,1003.0,1445.0,2024-04-06,1.0,425.74
1378.0,1710.0,1755.0,2024-10-07,5.0,298.03
1379.0,1586.0,1483.0,2025-02-17,2.0,469.9
1380.0,1706.0,2329.0,2024-06-26,1.0,423.44
1381.0,1028.0,444.0,2024-02-18,3.0,75.94
1382.0,1828.0,777.0,2024-03-04,2.0,190.97
1383.0,1648.0,2247.0,2023-09-05,2.0,13.81
1386.0,1853.0,24.0,2023-12-26,5.0,464.79
1388.0,1790.0,777.0,2024-07-29,2.0,367.35
1389.0,1191.0,2468.0,2024-12-25,2.0,206.19
1390.0,1081.0,718.0,2024-10-15,4.0,195.1
1392.0,1719.0,1886.0,2024-06-14,4.0,163.76
1393.0,1872.0,894.0,2024-07-16,5.0,367.85
1395.0,1569.0,49.0,2024-12-22,3.0,152.28
1396.0,1988.0,324.0,2024-05-24,3.0,194.1
1397.0,1616.0,1937.0,2024-03-20,4.0,11.52
1398.0,1983.0,2980.0,2024-07-28,1.0,308.9
1399.0,1843.0,528.0,2023-06-14,5.0,165.33
1400.0,1973.0,1943.0,2024-08-03,5.0,170.98
1401.0,1177.0,2110.0,2023-07-17,4.0,18.68
1403.0,1212.0,1485.0,2024-10-20,3.0,196.33
1405.0,1954.0,2719.0,2024-12-25,3.0,172.79
1407.0,1889.0,2344.0,2024-10-21,2.0,374.33
1408.0,1532.0,148.0,2024-12-05,4.0,434.98
1409.0,1162.0,2373.0,2024-03-16,3.0,218.66
1410.0,1107.0,256.0,2023-10-11,5.0,174.34
1412.0,1637.0,115.0,2023-11-26,3.0,498.12
1414.0,1151.0,273.0,2023-11-10,5.0,126.56
1416.0,1044.0,688.0,2023-07-26,5.0,64.51
1417.0,1573.0,2744.0,2024-11-02,5.0,114.64
1418.0,1440.0,1677.0,2023-11-23,1.0,293.89
1419.0,1628.0,2537.0,2024-02-20,2.0,365.47
1421.0,1725.0,103.0,2023-12-27,1.0,7.05
1422.0,1901.0,453.0,2024-10-29,1.0,210.29
1423.0,1096.0,2454.0,2023-10-13,3.0,372.82
1424.0,1688.0,94.0,2023-09-07,5.0,355.72
1425.0,1737.0,1247.0,2023-09-24,2.0,488.85
1426.0,1133.0,2161.0,2024-04-25,3.0,97.32
1427.0,1025.0,1632.0,2024-11-11,1.0,494.95
1429.0,1609.0,206.0,2024-11-16,2.0,9.4
1430.0,1859.0,535.0,2024-03-11,2.0,211.15
1433.0,1740.0,1046.0,2023-07-15,1.0,333.23
1434.0,1796.0,2235.0,2024-11-03,2.0,216.46
1436.0,1867.0,1937.0,2023-04-12,3.0,36.29
1437.0,1038.0,2352.0,2023-10-24,4.0,247.44
1438.0,1008.0,2893.0,2023-11-28,5.0,401.53
1439.0,1441.0,501.0,2024-09-27,4.0,364.36
1440.0,1114.0,245.0,2024-03-09,2.0,477.58
1441.0,1732.0,896.0,2024-05-26,2.0,387.9
1442.0,1067.0,1604.0,2024-09-23,2.0,265.9
1443.0,1001.0,1558.0,2023-10-23,3.0,424.57
1445.0,1452.0,2020.0,2024-11-17,1.0,485.17
1446.0,1455.0,2099.0,2023-08-05,1.0,182.12
1451.0,1236.0,2101.0,2024-10-26,1.0,439.19
1452.0,1238.0,1391.0,2024-11-22,3.0,191.77
1453.0,1946.0,191.0,2023-11-17,3.0,326.2
1454.0,1305.0,2838.0,2024-12-02,3.0,214.42
1455.0,1750.0,2011.0,2023-04-30,3.0,334.64
1456.0,1962.0,476.0,2024-06-12,1.0,248.94
1457.0,1694.0,1551.0,2024-09-10,3.0,206.14
1458.0,2000.0,1335.0,2024-08-29,1.0,152.47
1459.0,1164.0,916.0,2024-09-13,1.0,486.81
1460.0,1236.0,2629.0,2023-04-02,5.0,365.23
1462.0,1551.0,553.0,2023-04-18,1.0,217.51
1464.0,1369.0,2806.0,2023-08-10,4.0,48.19
1466.0,1505.0,964.0,2024-11-10,3.0,146.53
1467.0,1467.0,2590.0,2024-08-04,1.0,317.05
1468.0,1110.0,1251.0,2024-05-14,2.0,363.32
1470.0,1872.0,647.0,2024-06-08,2.0,359.04
1471.0,1015.0,812.0,2023-03-30,2.0,291.26
1473.0,1426.0,1880.0,2023-10-10,3.0,186.09
1474.0,1167.0,351.0,2024-02-22,2.0,374.41
1475.0,1347.0,2260.0,2024-03-26,4.0,270.82
1476.0,1766.0,2506.0,2024-12-02,5.0,202.32
1477.0,1348.0,2735.0,2024-01-11,3.0,251.8
1478.0,1346.0,1125.0,2024-08-17,2.0,228.96
1479.0,1822.0,2688.0,2024-12-09,5.0,386.76
1480.0,1817.0,1001.0,2024-07-25,2.0,492.62
1482.0,1297.0,608.0,2024-01-10,3.0,285.15
1484.0,1053.0,1600.0,2024-07-21,3.0,73.55
1486.0,1778.0,1750.0,2024-08-20,5.0,486.67
1488.0,1001.0,2290.0,2023-12-27,1.0,188.59
1489.0,1140.0,80.0,2023-05-11,2.0,387.02
1491.0,1303.0,1712.0,2023-09-09,1.0,114.41
1493.0,1473.0,1493.0,2023-04-11,4.0,65.4
1496.0,1042.0,348.0,2023-07-03,3.0,404.7
1497.0,1389.0,2967.0,2024-01-29,2.0,159.77
1498.0,1100.0,1413.0,2023-08-27,4.0,497.38
1500.0,1450.0,193.0,2024-10-12,2.0,319.97
1502.0,1168.0,2812.0,2023-12-02,2.0,407.98
1503.0,1257.0,147.0,2023-11-14,2.0,492.09
1504.0,1062.0,1147.0,2024-01-01,5.0,225.23
1505.0,1310.0,2102.0,2024-02-01,1.0,153.81
1506.0,1049.0,102.0,2023-05-09,5.0,125.38
1507.0,1503.0,321.0,2024-06-09,4.0,356.99
1508.0,1910.0,454.0,2023-04-02,1.0,352.69
1509.0,1995.0,682.0,2024-08-17,2.0,46.0
1512.0,1201.0,2442.0,2024-05-01,2.0,109.99
1513.0,1233.0,2998.0,2024-07-10,1.0,91.52
1514.0,1167.0,886.0,2023-09-30,3.0,392.97
1515.0,1810.0,762.0,2024-01-17,5.0,286.15
1516.0,1553.0,1353.0,2023-12-05,3.0,45.23
1518.0,1610.0,1308.0,2024-06-06,4.0,123.73
1519.0,1655.0,2580.0,2024-04-27,3.0,302.76
1520.0,1524.0,1881.0,2024-06-02,5.0,476.58
1521.0,1378.0,1748.0,2024-11-19,2.0,247.84
1522.0,1970.0,2081.0,2024-09-06,5.0,46.87
1524.0,1542.0,1075.0,2023-12-19,3.0,64.81
1525.0,1994.0,2164.0,2024-01-04,1.0,490.15
1526.0,1369.0,363.0,2023-09-04,1.0,463.28
1527.0,1491.0,470.0,2024-01-02,2.0,287.88
1528.0,1412.0,846.0,2024-01-07,2.0,160.93
1529.0,1028.0,2677.0,2023-02-21,3.0,5.44
1530.0,1173.0,2375.0,2025-02-13,4.0,133.5
1531.0,1306.0,1766.0,2023-10-31,5.0,261.92
1532.0,1912.0,1117.0,2024-07-10,3.0,365.77
1535.0,1467.0,1246.0,2024-12-17,1.0,493.16
1537.0,1443.0,1934.0,2024-02-13,1.0,163.88
1538.0,1420.0,682.0,2023-05-25,3.0,88.79
1539.0,1254.0,2154.0,2024-01-02,5.0,251.4
1540.0,1797.0,701.0,2025-02-12,3.0,88.69
1541.0,1337.0,1344.0,2024-06-25,5.0,107.27
1542.0,1778.0,2158.0,2024-11-06,2.0,485.84
1544.0,1965.0,2751.0,2023-11-08,1.0,374.77
1545.0,1972.0,2991.0,2024-12-01,2.0,394.39
1546.0,1335.0,42.0,2024-07-02,4.0,139.76
1551.0,1712.0,1808.0,2024-06-08,4.0,137.54
1552.0,1535.0,2759.0,2024-09-20,3.0,161.51
1554.0,1298.0,1301.0,2024-11-30,1.0,293.36
1555.0,1579.0,2940.0,2024-01-15,1.0,205.66
1559.0,1005.0,2325.0,2025-01-06,4.0,442.2
1560.0,1426.0,1128.0,2024-12-15,1.0,413.82
1564.0,1682.0,2028.0,2024-11-20,3.0,11.36
1566.0,1062.0,1866.0,2024-08-25,2.0,387.17
1567.0,1646.0,2217.0,2023-09-12,4.0,105.06
1568.0,1761.0,1288.0,2024-06-26,1.0,181.75
1569.0,1874.0,2115.0,2023-05-13,4.0,193.37
1570.0,1453.0,2770.0,2024-01-27,5.0,242.43
1571.0,1561.0,1335.0,2023-07-01,3.0,193.33
1572.0,1124.0,1432.0,2024-09-19,1.0,382.74
1574.0,1443.0,1846.0,2023-09-18,4.0,404.86
1575.0,1743.0,2401.0,2024-02-28,2.0,420.39
1576.0,1519.0,2109.0,2023-05-14,1.0,106.28
1577.0,1078.0,1227.0,2023-12-20,3.0,233.47
1578.0,1220.0,1494.0,2024-03-14,4.0,442.98
1579.0,1729.0,1915.0,2024-05-01,3.0,133.58
1580.0,1846.0,2483.0,2023-07-11,1.0,384.32
1581.0,1471.0,1511.0,2024-07-04,1.0,161.74
1582.0,1594.0,1597.0,2024-03-16,3.0,349.69
1583.0,1440.0,1598.0,2023-09-30,4.0,405.37
1584.0,1984.0,949.0,2023-05-22,4.0,61.15
1585.0,1397.0,1972.0,2024-12-17,3.0,289.58
1586.0,1099.0,2729.0,2024-06-21,3.0,11.6
1587.0,1550.0,2467.0,2024-01-31,5.0,119.99
1589.0,1336.0,1492.0,2024-08-19,2.0,486.68
1590.0,1227.0,1154.0,2024-12-25,5.0,293.82
1591.0,1691.0,2413.0,2024-11-22,5.0,266.2
1593.0,1803.0,1486.0,2023-04-22,5.0,276.29
1594.0,1213.0,2689.0,2023-07-17,5.0,312.59
1595.0,1486.0,2206.0,2023-08-19,4.0,344.58
1596.0,1425.0,1534.0,2024-07-17,2.0,144.01
1597.0,1252.0,759.0,2023-05-05,1.0,137.84
1598.0,1163.0,603.0,2023-07-10,2.0,172.79
1599.0,1963.0,989.0,2023-12-05,5.0,92.32
1601.0,1530.0,2013.0,2023-08-26,1.0,38.05
1602.0,1781.0,2868.0,2024-06-21,1.0,450.78
1603.0,1734.0,2495.0,2025-01-29,5.0,125.88
1604.0,1886.0,1744.0,2024-11-06,5.0,223.95
1605.0,1564.0,1758.0,2023-03-16,4.0,33.68
1606.0,1681.0,2293.0,2024-07-12,1.0,489.95
1607.0,1043.0,2640.0,2023-09-02,5.0,481.23
1608.0,1749.0,54.0,2024-06-09,3.0,485.53
1610.0,1387.0,2249.0,2023-04-01,2.0,335.75
1611.0,1232.0,2569.0,2024-06-07,1.0,228.73
1612.0,1305.0,1957.0,2023-06-11,5.0,326.9
1613.0,1437.0,2907.0,2023-08-30,2.0,133.1
1614.0,1787.0,2384.0,2024-04-13,5.0,349.82
1615.0,1262.0,1658.0,2023-10-30,4.0,369.66
1616.0,1999.0,2182.0,2024-05-05,1.0,205.42
1617.0,1712.0,510.0,2024-01-22,4.0,342.65
1618.0,1316.0,2101.0,2023-10-24,4.0,55.55
1619.0,1776.0,1198.0,2023-10-11,2.0,409.27
1620.0,1383.0,1182.0,2023-11-08,4.0,49.55
1621.0,1470.0,1217.0,2024-03-14,1.0,221.6
1622.0,1508.0,2550.0,2023-10-05,4.0,329.21
1623.0,1189.0,706.0,2025-01-31,4.0,298.15
1624.0,1659.0,2016.0,2024-08-04,4.0,210.77
1625.0,1151.0,1679.0,2023-11-07,5.0,297.36
1626.0,1972.0,2846.0,2024-01-03,3.0,428.08
1627.0,1944.0,95.0,2023-07-31,5.0,34.15
1628.0,1355.0,1219.0,2023-05-12,2.0,322.59
1631.0,1097.0,2449.0,2024-05-28,2.0,478.81
1633.0,1245.0,1134.0,2024-03-24,5.0,197.56
1634.0,1495.0,2930.0,2023-05-15,2.0,182.76
1635.0,1187.0,1855.0,2025-02-08,1.0,276.87
1636.0,1576.0,2126.0,2023-07-20,2.0,55.19
1637.0,1354.0,257.0,2024-09-18,1.0,16.0
1638.0,1520.0,1401.0,2023-11-18,1.0,342.59
1640.0,1229.0,2823.0,2024-07-18,3.0,104.62
1641.0,1685.0,2507.0,2023-03-31,2.0,125.01
1642.0,1124.0,929.0,2025-02-19,3.0,145.08
1643.0,1327.0,1410.0,2023-06-04,2.0,478.76
1644.0,1377.0,2074.0,2024-11-16,1.0,466.5
1645.0,1803.0,1705.0,2024-07-29,3.0,79.56
1646.0,1057.0,2959.0,2024-05-30,2.0,107.95
1647.0,1208.0,470.0,2023-10-04,4.0,436.49
1649.0,1396.0,2357.0,2023-06-26,3.0,18.19
1650.0,1900.0,2894.0,2023-03-05,2.0,239.57
1652.0,1417.0,260.0,2024-02-16,5.0,433.78
1653.0,1653.0,1511.0,2024-06-04,2.0,332.98
1654.0,1261.0,1064.0,2024-10-01,3.0,48.74
1655.0,1267.0,2971.0,2024-05-14,3.0,399.67
1657.0,1946.0,2703.0,2024-01-20,1.0,99.7
1658.0,1300.0,49.0,2024-05-13,1.0,443.61
1659.0,1722.0,2341.0,2023-08-05,3.0,69.17
1661.0,1901.0,1360.0,2024-06-11,4.0,351.55
1662.0,1309.0,2196.0,2024-12-29,3.0,398.74
1665.0,1881.0,1097.0,2024-11-29,2.0,499.76
1666.0,1358.0,704.0,2023-12-07,1.0,21.41
1668.0,1059.0,2040.0,2024-07-02,1.0,19.77
1669.0,1634.0,2577.0,2024-08-25,3.0,213.13
1670.0,1389.0,624.0,2023-08-29,3.0,420.44
1673.0,1516.0,667.0,2024-09-30,1.0,246.95
1674.0,1451.0,253.0,2024-10-30,1.0,60.49
1675.0,1812.0,992.0,2024-08-27,2.0,114.52
1676.0,1682.0,582.0,2024-08-04,1.0,44.75
1677.0,1869.0,1570.0,2024-07-25,5.0,252.16
1678.0,1600.0,1366.0,2024-10-05,4.0,255.93
1679.0,1601.0,1305.0,2024-02-26,1.0,61.39
1682.0,1647.0,2635.0,2023-05-28,5.0,374.01
1683.0,1276.0,2615.0,2024-01-15,5.0,402.81
1684.0,1565.0,565.0,2025-01-24,3.0,475.26
1686.0,1974.0,1616.0,2024-10-15,1.0,252.57
1689.0,1370.0,675.0,2023-07-13,4.0,368.1
1690.0,1053.0,1682.0,2023-11-20,4.0,375.04
1691.0,1263.0,2499.0,2023-08-18,4.0,17.28
1694.0,1642.0,1343.0,2023-08-05,4.0,383.17
1695.0,1310.0,2518.0,2024-11-07,2.0,396.92
1696.0,1681.0,1680.0,2023-09-07,5.0,227.12
1698.0,1963.0,2296.0,2024-07-12,5.0,432.93
1699.0,1173.0,1529.0,2023-05-11,4.0,164.18
1701.0,1959.0,409.0,2024-08-06,3.0,266.12
1702.0,1521.0,841.0,2023-10-02,5.0,151.79
1703.0,1628.0,877.0,2024-07-12,2.0,84.08
1704.0,1210.0,1833.0,2023-04-28,5.0,101.73
1705.0,1444.0,293.0,2023-06-23,2.0,149.63
1708.0,1984.0,878.0,2024-08-19,1.0,27.28
1709.0,1202.0,1419.0,2024-06-06,4.0,188.46
1711.0,1359.0,1932.0,2024-12-07,4.0,449.45
1712.0,1896.0,2852.0,2023-03-08,3.0,448.32
1713.0,1526.0,1140.0,2024-08-12,5.0,214.15
1714.0,1977.0,248.0,2024-01-14,1.0,481.33
1715.0,1564.0,2451.0,2024-11-02,3.0,316.08
1716.0,1356.0,2480.0,2024-01-07,4.0,495.67
1717.0,1496.0,439.0,2023-09-09,3.0,494.68
1718.0,1864.0,2831.0,2023-02-28,5.0,44.02
1719.0,1244.0,2220.0,2024-03-28,3.0,412.35
1721.0,1874.0,1120.0,2024-12-19,3.0,390.4
1722.0,1341.0,1494.0,2023-05-27,2.0,320.0
1723.0,1450.0,993.0,2023-04-28,3.0,286.39
1724.0,1254.0,1555.0,2023-06-07,3.0,125.59
1725.0,1547.0,931.0,2024-04-10,3.0,342.71
1726.0,1904.0,2889.0,2024-11-25,4.0,494.78
1727.0,1861.0,78.0,2023-12-28,3.0,417.31
1729.0,1975.0,1795.0,2024-02-24,1.0,234.92
1731.0,1350.0,120.0,2025-01-29,3.0,187.52
1732.0,1602.0,976.0,2024-03-13,3.0,138.14
1733.0,1963.0,459.0,2023-06-18,3.0,118.28
1734.0,1072.0,49.0,2024-04-28,3.0,115.68
1735.0,1533.0,69.0,2024-10-29,4.0,358.08
1736.0,1872.0,784.0,2024-12-12,1.0,362.87
1738.0,1615.0,2569.0,2023-09-20,2.0,114.46
1739.0,1241.0,2518.0,2024-07-15,2.0,64.35
1740.0,1884.0,2189.0,2023-04-04,4.0,30.56
1741.0,1000.0,2577.0,2024-03-25,3.0,481.36
1742.0,1645.0,2938.0,2024-05-11,5.0,381.64
1743.0,1789.0,816.0,2023-11-13,5.0,350.88
1744.0,1189.0,2568.0,2024-12-19,2.0,376.74
1745.0,1371.0,2170.0,2024-05-08,2.0,16.1
1746.0,1301.0,2868.0,2023-03-17,2.0,48.79
1749.0,1743.0,2090.0,2023-03-15,2.0,241.26
1750.0,1511.0,2260.0,2024-01-02,5.0,115.36
1751.0,1805.0,433.0,2024-10-15,2.0,299.51
1752.0,1226.0,1031.0,2023-08-22,5.0,489.82
1754.0,1646.0,2365.0,2023-11-19,2.0,85.72
1755.0,1697.0,1801.0,2024-01-06,4.0,201.73
1756.0,1349.0,1763.0,2024-01-18,5.0,104.42
1757.0,1613.0,2161.0,2024-03-11,2.0,457.65
1760.0,1328.0,2198.0,2023-07-07,2.0,376.9
1761.0,1949.0,623.0,2024-07-22,4.0,478.96
1762.0,1452.0,345.0,2024-04-27,1.0,98.58
1763.0,1687.0,397.0,2024-04-04,3.0,275.69
1764.0,1094.0,2115.0,2023-09-29,5.0,342.07
1765.0,1297.0,2723.0,2024-12-20,4.0,439.58
1766.0,1167.0,387.0,2023-11-17,5.0,426.64
1767.0,1089.0,2820.0,2024-06-25,2.0,163.3
1769.0,1039.0,1411.0,2024-02-17,2.0,84.97
1770.0,1555.0,2503.0,2023-06-01,5.0,316.27
1771.0,1082.0,966.0,2024-06-10,2.0,165.29
1772.0,1870.0,2935.0,2023-09-17,3.0,67.89
1773.0,1409.0,2363.0,2024-06-13,5.0,328.75
1775.0,1398.0,1823.0,2025-02-02,3.0,414.94
1778.0,1117.0,387.0,2024-02-27,2.0,448.34
1779.0,1320.0,1777.0,2024-02-28,3.0,319.34
1780.0,1993.0,1980.0,2023-07-09,3.0,294.81
1782.0,1410.0,1314.0,2024-10-08,4.0,446.07
1783.0,1252.0,196.0,2023-04-12,3.0,5.91
1784.0,1958.0,1830.0,2024-01-02,5.0,216.81
1785.0,1426.0,725.0,2024-12-18,4.0,49.46
1786.0,1086.0,1500.0,2023-09-05,5.0,105.91
1788.0,1613.0,604.0,2025-01-31,2.0,442.61
1789.0,1938.0,1537.0,2024-03-07,1.0,431.27
1790.0,1250.0,897.0,2023-09-07,3.0,13.84
1791.0,1441.0,2980.0,2024-04-03,1.0,184.37
1792.0,1988.0,1844.0,2024-07-19,2.0,377.52
1793.0,1160.0,1419.0,2024-04-09,4.0,344.37
1795.0,1063.0,2000.0,2023-05-23,1.0,233.32
1796.0,1631.0,2880.0,2023-03-16,4.0,198.25
1797.0,1773.0,2031.0,2024-04-30,2.0,269.6
1798.0,1288.0,2882.0,2024-10-13,1.0,40.54
1799.0,1702.0,610.0,2023-09-10,1.0,246.92
1801.0,1827.0,189.0,2024-09-06,2.0,391.85
1803.0,1985.0,2012.0,2025-02-05,3.0,70.88
1804.0,1341.0,755.0,2024-01-14,2.0,82.66
1806.0,1697.0,765.0,2024-10-04,1.0,159.2
1807.0,1957.0,983.0,2023-05-08,1.0,243.27
1808.0,1472.0,527.0,2024-03-20,4.0,178.32
1809.0,1739.0,2654.0,2023-03-03,1.0,200.73
1811.0,1370.0,2743.0,2023-10-19,1.0,204.49
1812.0,1726.0,2997.0,2024-08-18,1.0,369.86
1813.0,1261.0,2205.0,2023-03-21,3.0,182.17
1814.0,1499.0,2953.0,2023-03-24,1.0,70.01
1815.0,1145.0,2948.0,2024-12-24,2.0,38.05
1816.0,1786.0,2373.0,2024-11-19,1.0,202.31
1817.0,1752.0,247.0,2023-06-23,2.0,154.91
1819.0,1574.0,1900.0,2025-01-06,4.0,202.54
1820.0,1421.0,1.0,2024-07-06,4.0,148.7
1822.0,1691.0,109.0,2023-02-22,2.0,19.81
1823.0,1185.0,1014.0,2024-06-22,2.0,114.65
1824.0,1930.0,2128.0,2025-01-29,4.0,73.25
1825.0,1790.0,949.0,2024-05-17,1.0,382.26
1826.0,1414.0,1265.0,2024-04-26,2.0,380.63
1827.0,1466.0,943.0,2024-12-12,4.0,89.99
1829.0,1993.0,746.0,2024-04-29,1.0,398.89
1831.0,1410.0,868.0,2023-04-02,5.0,405.4
1832.0,1166.0,2415.0,2023-12-04,3.0,21.06
1833.0,1411.0,9.0,2024-10-04,2.0,290.95
1834.0,1117.0,297.0,2024-07-09,4.0,495.01
1836.0,1807.0,296.0,2024-03-23,1.0,241.8
1839.0,1886.0,140.0,2024-02-17,5.0,89.17
1840.0,1358.0,2015.0,2023-03-23,5.0,459.62
1841.0,1493.0,2623.0,2024-12-12,2.0,224.26
1842.0,1124.0,1635.0,2023-08-09,3.0,38.31
1843.0,1831.0,1866.0,2023-12-26,4.0,240.83
1846.0,1282.0,1503.0,2024-11-30,4.0,490.97
1847.0,1507.0,2338.0,2023-07-18,4.0,421.37
1849.0,1072.0,2700.0,2023-11-25,5.0,296.95
1850.0,1071.0,787.0,2024-10-27,1.0,350.15
1851.0,1933.0,608.0,2024-06-18,2.0,457.92
1852.0,1092.0,816.0,2024-01-07,2.0,109.08
1853.0,1859.0,402.0,2024-04-29,5.0,235.72
1854.0,1890.0,2258.0,2023-08-14,3.0,361.6
1855.0,1512.0,756.0,2024-08-28,3.0,241.66
1856.0,1686.0,2746.0,2024-07-10,3.0,459.45
1857.0,1402.0,2774.0,2024-07-15,2.0,155.19
1859.0,1345.0,1696.0,2024-01-29,5.0,167.37
1860.0,1746.0,2994.0,2023-03-19,1.0,25.56
1861.0,1223.0,1801.0,2023-03-16,4.0,293.54
1862.0,1605.0,1225.0,2023-05-27,5.0,483.32
1863.0,1840.0,984.0,2024-09-18,2.0,7.37
1864.0,1839.0,2749.0,2024-08-07,2.0,372.24
1865.0,1534.0,381.0,2023-04-17,3.0,131.14
1868.0,1228.0,1069.0,2024-06-21,3.0,325.77
1869.0,1575.0,1328.0,2023-07-25,4.0,378.08
1870.0,1171.0,2840.0,2023-04-28,3.0,211.73
1871.0,1007.0,671.0,2024-10-10,5.0,409.54
1872.0,1512.0,2686.0,2024-03-21,3.0,284.43
1875.0,1460.0,2491.0,2024-12-09,3.0,487.16
1876.0,1668.0,1244.0,2023-04-18,2.0,436.56
1878.0,1159.0,659.0,2024-12-10,1.0,485.46
1880.0,1682.0,2166.0,2023-07-24,4.0,327.64
1881.0,1241.0,1354.0,2024-11-24,3.0,172.9
1883.0,1765.0,2738.0,2024-07-22,3.0,104.67
1884.0,1574.0,555.0,2024-03-08,4.0,72.72
1885.0,1146.0,333.0,2024-05-01,2.0,87.02
1889.0,1891.0,299.0,2024-04-03,1.0,108.72
1890.0,1471.0,2287.0,2024-05-19,3.0,408.88
1893.0,1578.0,2940.0,2023-05-23,5.0,159.7
1895.0,1035.0,74.0,2023-12-23,1.0,296.36
1896.0,1274.0,1461.0,2023-05-11,4.0,310.63
1898.0,1513.0,859.0,2023-03-06,1.0,453.87
1899.0,1750.0,2314.0,2023-11-08,2.0,468.59
1900.0,1811.0,635.0,2023-09-20,3.0,456.42
1901.0,2000.0,2494.0,2024-05-15,5.0,388.14
1902.0,1327.0,1981.0,2023-08-24,5.0,368.61
1903.0,1668.0,1204.0,2023-06-14,2.0,180.53
1904.0,1709.0,851.0,2024-05-07,5.0,304.45
1905.0,1087.0,2136.0,2025-02-10,5.0,330.29
1906.0,1183.0,1660.0,2024-02-04,5.0,208.21
1907.0,1165.0,2330.0,2024-05-13,1.0,438.66
1908.0,1741.0,2660.0,2024-08-03,3.0,91.28
1909.0,1112.0,820.0,2023-05-22,3.0,442.06
1910.0,1188.0,956.0,2024-03-04,2.0,280.49
1911.0,1681.0,2541.0,2023-04-26,3.0,439.2
1912.0,1502.0,906.0,2023-03-04,2.0,64.87
1913.0,1639.0,805.0,2023-09-19,3.0,61.23
1915.0,1501.0,887.0,2024-10-04,2.0,147.23
1916.0,1610.0,2241.0,2023-10-26,3.0,404.92
1917.0,1208.0,1983.0,2024-05-17,1.0,259.25
1918.0,1295.0,21.0,2023-08-26,2.0,377.51
1919.0,1719.0,953.0,2024-03-05,3.0,332.26
1920.0,1363.0,2595.0,2024-05-31,3.0,331.26
1921.0,1773.0,886.0,2023-08-01,3.0,226.43
1922.0,1227.0,1743.0,2023-12-24,3.0,287.72
1923.0,1626.0,2741.0,2024-09-06,1.0,13.01
1924.0,1439.0,2199.0,2025-02-09,5.0,353.1
1925.0,1770.0,2794.0,2023-04-20,5.0,288.75
1927.0,1373.0,1419.0,2024-07-26,3.0,293.19
1928.0,1774.0,2705.0,2023-08-27,3.0,460.76
1929.0,1756.0,1519.0,2024-07-31,3.0,421.24
1930.0,1061.0,2716.0,2023-07-15,3.0,212.2
1931.0,1405.0,1968.0,2023-06-22,2.0,5.54
1933.0,1806.0,2981.0,2023-06-14,5.0,169.57
1935.0,1602.0,1237.0,2024-10-21,3.0,76.91
1936.0,1228.0,354.0,2023-11-18,5.0,74.55
1938.0,1055.0,1468.0,2024-08-20,1.0,378.42
1939.0,1855.0,1818.0,2023-10-24,5.0,189.87
1940.0,1409.0,1473.0,2023-11-29,2.0,103.82
1941.0,1981.0,2966.0,2024-01-17,2.0,424.93
1942.0,1474.0,853.0,2023-11-08,2.0,269.37
1943.0,1993.0,394.0,2023-11-24,2.0,23.12
1944.0,1916.0,1415.0,2023-04-04,2.0,363.66
1945.0,1770.0,1649.0,2024-07-14,3.0,204.69
1946.0,1882.0,2521.0,2024-11-22,2.0,91.77
1947.0,1596.0,2123.0,2023-05-22,4.0,207.79
1949.0,1426.0,175.0,2023-12-19,1.0,182.1
1950.0,1768.0,827.0,2023-07-01,5.0,174.36
1951.0,1292.0,2443.0,2023-12-02,3.0,68.3
1953.0,1832.0,1683.0,2024-07-29,5.0,396.92
1954.0,1381.0,1574.0,2024-04-19,2.0,25.33
1955.0,1360.0,1976.0,2024-09-21,2.0,118.18
1956.0,1929.0,2116.0,2024-09-21,5.0,306.62
1957.0,1855.0,871.0,2024-08-21,2.0,59.43
1958.0,1621.0,1381.0,2023-08-03,1.0,327.68
1959.0,1402.0,1319.0,2024-10-08,4.0,326.68
1960.0,1734.0,1932.0,2024-07-10,2.0,216.76
1962.0,1999.0,773.0,2024-11-13,3.0,107.24
1963.0,1618.0,2749.0,2025-02-16,5.0,474.84
1964.0,1098.0,2521.0,2023-11-06,2.0,43.53
1966.0,1914.0,919.0,2023-12-31,3.0,71.34
1967.0,1810.0,699.0,2024-06-14,4.0,62.51
1968.0,1881.0,1595.0,2024-04-01,5.0,283.83
1970.0,1308.0,12.0,2023-08-14,3.0,283.2
1971.0,1833.0,551.0,2025-01-13,2.0,415.37
1972.0,1964.0,2035.0,2024-09-24,4.0,7.64
1974.0,1398.0,1554.0,2024-05-14,3.0,245.06
1975.0,1686.0,1026.0,2024-12-02,3.0,68.4
1978.0,1261.0,2226.0,2024-06-02,2.0,63.86
1980.0,1364.0,91.0,2024-04-25,2.0,357.45
1981.0,1176.0,275.0,2024-06-18,2.0,410.39
1982.0,1895.0,2654.0,2024-12-21,1.0,337.05
1984.0,1895.0,2845.0,2024-11-26,5.0,22.17
1985.0,1863.0,1634.0,2023-12-17,3.0,68.5
1986.0,1464.0,164.0,2024-11-21,4.0,144.38
1987.0,1239.0,2508.0,2024-11-16,5.0,34.16
1988.0,1768.0,1083.0,2023-09-28,1.0,335.06
1990.0,1418.0,1069.0,2024-03-10,2.0,325.84
1992.0,1839.0,1626.0,2023-08-01,2.0,274.44
1993.0,1400.0,2639.0,2024-05-15,4.0,300.37
1994.0,1379.0,846.0,2024-03-15,2.0,409.67
1995.0,1873.0,31.0,2025-02-14,5.0,84.74
1996.0,1897.0,2806.0,2023-03-11,2.0,174.16
1997.0,1807.0,100.0,2024-07-09,3.0,329.3
1998.0,1901.0,2703.0,2024-12-12,4.0,490.51
1999.0,1845.0,1067.0,2024-06-08,3.0,71.02
2000.0,1113.0,1574.0,2024-06-05,1.0,436.76
2001.0,1122.0,205.0,2024-03-04,5.0,331.05
2003.0,1212.0,771.0,2023-12-23,3.0,327.46
2004.0,1795.0,1595.0,2023-06-27,5.0,447.99
2005.0,1244.0,479.0,2024-12-29,2.0,120.55
2006.0,1757.0,452.0,2023-10-10,3.0,284.62
2007.0,1811.0,1351.0,2023-10-12,2.0,228.96
2015.0,1466.0,2757.0,2024-06-20,2.0,466.42
2016.0,1555.0,1662.0,2024-01-16,2.0,449.94
2018.0,1114.0,534.0,2024-07-10,3.0,339.14
2019.0,1693.0,975.0,2023-09-05,2.0,93.08
2020.0,1187.0,2794.0,2023-04-16,1.0,130.1
2021.0,1278.0,400.0,2024-08-08,3.0,450.05
2022.0,1564.0,1354.0,2023-03-05,5.0,82.68
2023.0,1806.0,115.0,2025-01-11,4.0,143.86
2027.0,1265.0,2908.0,2023-06-10,3.0,492.59
2028.0,1334.0,1818.0,2024-11-12,2.0,103.88
2029.0,1356.0,524.0,2024-06-25,1.0,353.42
2030.0,1717.0,94.0,2024-04-18,2.0,120.74
2031.0,1077.0,112.0,2024-08-27,3.0,20.47
2032.0,1432.0,2988.0,2024-01-19,3.0,187.62
2037.0,1140.0,616.0,2024-07-08,3.0,440.04
2038.0,1004.0,875.0,2023-08-18,1.0,322.46
2039.0,1480.0,2454.0,2024-01-22,1.0,427.16
2043.0,1327.0,182.0,2024-02-29,5.0,490.12
2045.0,1996.0,1270.0,2024-02-22,5.0,385.55
2048.0,1507.0,164.0,2024-12-21,5.0,390.4
2050.0,1770.0,1352.0,2023-12-04,4.0,352.48
2051.0,1697.0,284.0,2024-04-19,1.0,391.46
2053.0,1387.0,2585.0,2024-09-20,5.0,201.64
2054.0,1923.0,2188.0,2024-08-01,4.0,340.33
2055.0,1983.0,1095.0,2024-08-26,2.0,441.79
2056.0,1280.0,1365.0,2024-04-14,5.0,106.64
2057.0,1030.0,359.0,2024-05-02,4.0,194.57
2058.0,1267.0,854.0,2024-09-30,5.0,98.49
2060.0,1953.0,2213.0,2024-07-21,5.0,245.56
2061.0,1887.0,928.0,2024-12-31,1.0,133.53
2062.0,1883.0,2231.0,2024-07-08,2.0,460.77
2063.0,1109.0,949.0,2023-10-07,3.0,47.72
2065.0,1104.0,1015.0,2023-09-14,5.0,461.25
2066.0,1109.0,1504.0,2023-09-21,2.0,229.96
2067.0,1982.0,1166.0,2024-12-15,1.0,242.34
2068.0,1969.0,2652.0,2024-11-07,4.0,26.34
2069.0,1906.0,2001.0,2023-11-03,3.0,51.44
2071.0,1326.0,2382.0,2024-07-03,5.0,258.29
2072.0,1586.0,2066.0,2025-01-14,4.0,224.32
2074.0,1533.0,2900.0,2023-11-30,2.0,436.67
2075.0,1477.0,2831.0,2023-09-21,3.0,485.82
2076.0,1545.0,727.0,2024-09-08,1.0,257.45
2077.0,1126.0,1444.0,2024-05-24,4.0,353.45
2078.0,1486.0,2840.0,2024-05-10,2.0,83.32
2079.0,1001.0,249.0,2023-09-06,2.0,64.92
2080.0,1965.0,2404.0,2024-02-27,3.0,143.25
2081.0,1258.0,2053.0,2023-09-07,3.0,412.93
2082.0,1158.0,995.0,2024-11-24,1.0,79.98
2083.0,1655.0,2687.0,2023-06-19,3.0,325.53
2084.0,1779.0,958.0,2023-04-11,1.0,305.79
2086.0,1552.0,2909.0,2023-12-22,3.0,375.86
2087.0,1652.0,888.0,2024-01-24,1.0,27.33
2088.0,1215.0,874.0,2024-04-19,5.0,488.68
2090.0,1268.0,1665.0,2023-07-17,3.0,42.53
2092.0,1934.0,409.0,2024-11-28,4.0,398.66
2093.0,1519.0,2649.0,2024-03-26,2.0,33.49
2094.0,1665.0,2103.0,2024-03-27,4.0,292.4
2096.0,1963.0,631.0,2023-05-20,5.0,248.49
2098.0,1808.0,882.0,2024-09-17,2.0,376.87
2099.0,1686.0,2201.0,2024-04-11,2.0,131.32
2100.0,1137.0,1759.0,2024-12-09,2.0,395.94
2101.0,1226.0,1745.0,2024-06-15,5.0,428.97
2102.0,1167.0,966.0,2024-08-14,5.0,210.86
2103.0,1570.0,1413.0,2023-08-17,5.0,105.97
2104.0,1141.0,1474.0,2024-02-25,5.0,325.76
2105.0,1074.0,150.0,2023-06-01,2.0,222.05
2106.0,1922.0,776.0,2024-04-28,2.0,421.29
2107.0,1806.0,2207.0,2025-02-15,5.0,62.22
2108.0,1836.0,2556.0,2023-03-10,3.0,247.86
2109.0,1091.0,2640.0,2024-05-25,5.0,145.1
2110.0,1144.0,2791.0,2024-07-21,2.0,173.2
2111.0,1218.0,586.0,2024-09-28,2.0,199.39
2112.0,1097.0,1498.0,2023-08-14,5.0,343.95
2113.0,1693.0,381.0,2024-12-24,1.0,405.39
2114.0,1255.0,1307.0,2024-11-17,5.0,211.49
2115.0,1671.0,1110.0,2024-04-12,4.0,84.01
2116.0,1035.0,2009.0,2023-08-09,2.0,406.35
2117.0,1191.0,396.0,2023-05-07,5.0,397.26
2118.0,1973.0,2807.0,2023-08-17,3.0,70.76
2119.0,1074.0,1376.0,2024-08-12,2.0,209.37
2120.0,1541.0,1101.0,2024-05-27,1.0,473.42
2121.0,1280.0,2058.0,2024-03-04,4.0,241.58
2122.0,1778.0,637.0,2024-08-19,4.0,437.29
2125.0,1313.0,2957.0,2023-10-05,2.0,115.81
2127.0,1164.0,1829.0,2023-03-10,1.0,246.47
2128.0,1908.0,1057.0,2024-05-21,2.0,433.43
2129.0,1524.0,2323.0,2024-12-30,2.0,15.26
2130.0,1002.0,754.0,2023-02-28,4.0,130.56
2131.0,1079.0,966.0,2024-12-15,5.0,499.57
2132.0,1127.0,2341.0,2024-03-30,5.0,149.22
2133.0,1901.0,684.0,2024-10-10,2.0,466.28
2134.0,1990.0,1576.0,2024-11-13,1.0,449.89
2135.0,1999.0,2693.0,2025-01-25,1.0,312.07
2136.0,1343.0,895.0,2025-01-25,4.0,95.02
2137.0,1687.0,1314.0,2024-02-01,4.0,303.47
2138.0,1003.0,1653.0,2023-08-05,1.0,51.19
2139.0,1107.0,2199.0,2023-12-15,3.0,260.83
2140.0,1306.0,1534.0,2023-04-29,1.0,235.83
2142.0,1351.0,1446.0,2023-08-29,2.0,132.79
2143.0,1098.0,314.0,2023-09-09,5.0,133.52
2144.0,1140.0,670.0,2024-03-18,2.0,6.99
2146.0,1875.0,702.0,2023-03-24,3.0,7.71
2147.0,1360.0,866.0,2023-10-09,2.0,177.24
2149.0,1435.0,1351.0,2023-07-25,3.0,281.23
2153.0,1910.0,339.0,2023-05-18,2.0,48.2
2155.0,1824.0,239.0,2025-02-17,3.0,282.54
2158.0,1928.0,170.0,2023-11-11,3.0,219.45
2159.0,1922.0,2783.0,2023-09-13,1.0,212.84
2160.0,1730.0,2800.0,2024-09-06,2.0,109.56
2161.0,1873.0,1349.0,2023-08-21,1.0,271.26
2164.0,1358.0,724.0,2024-02-03,2.0,458.01
2165.0,1288.0,428.0,2025-01-14,1.0,336.49
2166.0,1693.0,901.0,2024-10-25,1.0,382.63
2168.0,1988.0,1890.0,2023-11-25,3.0,145.02
2169.0,1187.0,2028.0,2023-05-19,4.0,462.74
2170.0,1410.0,2204.0,2023-03-25,3.0,221.0
2171.0,1466.0,243.0,2025-01-13,3.0,241.43
2172.0,1357.0,2479.0,2023-12-06,2.0,188.22
2173.0,1510.0,1907.0,2025-01-14,2.0,189.96
2175.0,1800.0,2859.0,2023-10-30,4.0,331.5
2177.0,1455.0,616.0,2024-06-21,1.0,432.65
2178.0,1936.0,408.0,2023-10-04,3.0,191.69
2180.0,1075.0,971.0,2024-06-03,1.0,310.21
2181.0,1513.0,1186.0,2023-07-02,2.0,12.24
2182.0,1723.0,2444.0,2024-08-23,3.0,234.23
2183.0,1130.0,2231.0,2023-12-11,2.0,268.17
2184.0,1733.0,1178.0,2023-10-02,2.0,346.95
2185.0,1068.0,2622.0,2024-10-14,3.0,77.26
2186.0,1005.0,569.0,2023-09-04,4.0,203.79
2187.0,1444.0,245.0,2024-02-14,5.0,32.39
2188.0,1592.0,6.0,2023-08-26,2.0,61.76
2189.0,1963.0,1984.0,2024-04-02,4.0,61.32
2190.0,1237.0,2656.0,2025-01-24,3.0,426.72
2191.0,1110.0,428.0,2023-11-26,5.0,261.8
2192.0,1115.0,558.0,2024-11-28,1.0,296.28
2193.0,1601.0,1637.0,2023-05-12,1.0,335.19
2194.0,1409.0,1275.0,2024-09-19,5.0,249.18
2195.0,1504.0,1714.0,2023-07-27,1.0,253.21
2197.0,1180.0,2180.0,2023-06-23,5.0,75.04
2198.0,1992.0,346.0,2024-08-15,3.0,294.92
2201.0,1728.0,1657.0,2023-12-02,5.0,399.34
2202.0,1359.0,1099.0,2024-07-02,5.0,469.4
2204.0,1427.0,2330.0,2024-04-04,1.0,148.33
2205.0,1881.0,2428.0,2023-06-17,2.0,374.13
2206.0,1397.0,2748.0,2024-11-08,1.0,196.03
2207.0,1216.0,2843.0,2023-10-24,2.0,410.18
2208.0,1741.0,1379.0,2023-10-11,3.0,496.98
2209.0,1119.0,69.0,2023-04-09,1.0,375.93
2211.0,1558.0,1740.0,2024-03-05,5.0,107.97
2212.0,1538.0,2314.0,2024-03-21,5.0,262.76
2213.0,1403.0,1589.0,2024-04-01,2.0,394.57
2215.0,1262.0,455.0,2024-11-01,4.0,11.44
2216.0,1011.0,505.0,2024-08-27,3.0,219.6
2221.0,1331.0,2695.0,2024-09-18,4.0,122.64
2222.0,1479.0,1954.0,2025-01-28,1.0,479.37
2223.0,1543.0,2615.0,2024-06-06,1.0,15.71
2225.0,1830.0,80.0,2023-04-02,5.0,320.36
2226.0,1081.0,1231.0,2024-02-18,3.0,435.1
2230.0,1744.0,1145.0,2023-07-12,5.0,404.16
2233.0,1491.0,244.0,2024-05-24,3.0,112.86
2234.0,1479.0,2954.0,2024-02-01,3.0,258.4
2236.0,1728.0,2942.0,2023-08-21,1.0,340.62
2237.0,1569.0,1444.0,2023-12-02,5.0,373.75
2240.0,1795.0,2831.0,2023-02-26,1.0,388.07
2241.0,1143.0,2097.0,2024-03-15,1.0,418.44
2242.0,1963.0,1597.0,2023-09-02,4.0,276.92
2244.0,1203.0,2406.0,2024-12-08,3.0,234.28
2245.0,1786.0,2803.0,2024-11-19,3.0,419.34
2246.0,1101.0,2745.0,2023-05-27,5.0,211.02
2248.0,1523.0,52.0,2024-07-04,1.0,144.05
2249.0,1480.0,783.0,2023-08-27,4.0,92.29
2251.0,1194.0,2794.0,2023-07-06,4.0,281.07
2252.0,1919.0,1811.0,2024-02-23,3.0,189.11
2253.0,1079.0,2927.0,2023-12-11,2.0,448.71
2254.0,1281.0,623.0,2023-11-23,5.0,192.16
2255.0,1019.0,2630.0,2024-07-30,3.0,481.04
2256.0,1269.0,2491.0,2023-07-13,5.0,242.56
2257.0,1542.0,2668.0,2024-06-02,1.0,143.1
2258.0,1241.0,1858.0,2024-10-02,1.0,494.78
2259.0,1106.0,1890.0,2024-01-04,3.0,137.06
2260.0,1084.0,1640.0,2023-08-13,4.0,255.41
2261.0,1787.0,663.0,2023-10-06,4.0,420.04
2264.0,1156.0,359.0,2024-11-14,5.0,271.48
2266.0,1878.0,2950.0,2023-12-09,1.0,489.41
2267.0,1369.0,104.0,2024-07-18,1.0,224.86
2269.0,1644.0,8.0,2024-03-02,5.0,367.33
2270.0,1246.0,1309.0,2024-03-10,3.0,413.38
2273.0,1679.0,1148.0,2024-01-03,1.0,451.02
2275.0,1743.0,810.0,2024-03-07,5.0,470.16
2276.0,1570.0,2880.0,2024-10-08,5.0,404.91
2277.0,1430.0,1444.0,2024-08-27,2.0,203.36
2278.0,1317.0,2166.0,2024-01-30,3.0,98.91
2279.0,1887.0,2779.0,2024-11-21,4.0,123.88
2280.0,1982.0,1936.0,2025-01-03,3.0,38.19
2282.0,1859.0,2862.0,2023-10-27,4.0,166.91
2283.0,1592.0,2035.0,2023-07-12,3.0,274.86
2286.0,1128.0,1332.0,2023-02-21,5.0,70.4
2288.0,1935.0,1822.0,2024-04-24,3.0,267.06
2290.0,1941.0,181.0,2024-02-29,3.0,366.78
2291.0,1754.0,2529.0,2024-07-31,5.0,202.33
2293.0,1528.0,476.0,2023-06-25,2.0,299.0
2296.0,1725.0,1544.0,2023-03-01,4.0,178.98
2297.0,1748.0,2270.0,2023-07-03,5.0,336.91
2298.0,1547.0,1374.0,2024-11-21,3.0,34.72
2299.0,1638.0,1846.0,2023-10-29,4.0,237.97
2300.0,1867.0,2088.0,2024-09-22,3.0,131.69
2301.0,1478.0,1153.0,2024-01-13,2.0,208.22
2302.0,1305.0,2066.0,2024-01-23,4.0,413.62
2305.0,1026.0,719.0,2024-02-20,4.0,72.79
2306.0,1730.0,817.0,2024-04-14,1.0,195.23
2307.0,1458.0,2457.0,2024-06-19,4.0,393.24
2308.0,1474.0,2711.0,2023-08-28,4.0,110.32
2309.0,1124.0,1658.0,2025-01-24,2.0,354.03
2310.0,1872.0,2063.0,2024-01-21,2.0,378.61
2311.0,1304.0,1657.0,2023-12-07,3.0,8.88
2312.0,1841.0,2801.0,2023-05-18,3.0,286.89
2315.0,1819.0,1582.0,2023-07-16,2.0,175.53
2316.0,1682.0,1473.0,2023-10-14,1.0,187.62
2317.0,1109.0,1997.0,2023-06-22,5.0,72.72
2318.0,1659.0,328.0,2024-11-21,3.0,275.34
2319.0,1668.0,1209.0,2023-07-02,2.0,219.97
2320.0,1009.0,645.0,2024-11-05,2.0,55.12
2321.0,1683.0,1699.0,2024-09-21,1.0,10.67
2322.0,1321.0,2870.0,2024-12-09,1.0,365.12
2324.0,1113.0,854.0,2024-07-30,2.0,102.25
2325.0,1005.0,992.0,2023-08-29,5.0,416.29
2328.0,1878.0,1804.0,2023-07-17,1.0,429.26
2329.0,1456.0,1607.0,2024-04-23,5.0,379.43
2331.0,1889.0,633.0,2023-09-30,5.0,334.09
2332.0,1231.0,747.0,2024-04-07,3.0,390.79
2335.0,1875.0,2957.0,2024-01-12,1.0,68.3
2336.0,1278.0,2168.0,2024-03-31,1.0,80.64
2337.0,1119.0,1231.0,2023-09-07,1.0,252.14
2338.0,1597.0,1701.0,2023-09-05,5.0,146.98
2340.0,1455.0,1929.0,2024-08-09,2.0,206.17
2342.0,1626.0,502.0,2023-06-17,2.0,219.13
2343.0,1717.0,2270.0,2023-12-14,5.0,482.5
2344.0,1917.0,1278.0,2024-03-09,2.0,21.39
2346.0,1235.0,1276.0,2024-07-15,5.0,209.65
2347.0,1385.0,2772.0,2025-01-22,1.0,106.19
2348.0,1000.0,361.0,2024-02-04,5.0,372.71
2349.0,1742.0,2487.0,2024-04-20,5.0,150.85
2351.0,1081.0,2316.0,2024-06-04,5.0,109.01
2355.0,1802.0,470.0,2023-05-18,5.0,475.65
2356.0,1680.0,768.0,2023-06-17,5.0,287.27
2358.0,1620.0,2920.0,2024-11-26,4.0,392.92
2359.0,1982.0,415.0,2023-06-11,5.0,380.78
2360.0,1729.0,2040.0,2024-01-05,1.0,295.21
2361.0,1747.0,1041.0,2023-07-28,4.0,423.11
2362.0,1621.0,1909.0,2023-09-25,2.0,381.21
2364.0,1753.0,2216.0,2023-08-26,1.0,254.59
2366.0,1350.0,820.0,2023-07-25,5.0,370.81
2368.0,1996.0,1544.0,2023-11-05,5.0,406.61
2370.0,1103.0,1048.0,2023-07-09,1.0,238.43
2371.0,1063.0,982.0,2024-12-24,4.0,431.44
2373.0,1991.0,2989.0,2024-12-30,2.0,245.29
2374.0,1293.0,509.0,2024-06-18,4.0,445.23
2375.0,1348.0,975.0,2024-04-19,2.0,394.37
2376.0,1237.0,1670.0,2023-05-28,3.0,291.83
2377.0,1241.0,2551.0,2024-04-30,3.0,134.68
2378.0,1472.0,2234.0,2023-04-12,2.0,32.41
2379.0,1992.0,200.0,2025-01-02,1.0,17.46
2380.0,1442.0,2254.0,2023-05-25,1.0,51.56
2381.0,1949.0,2973.0,2024-02-14,2.0,45.84
2385.0,1678.0,2411.0,2024-01-07,5.0,392.42
2387.0,1952.0,2638.0,2024-04-22,4.0,77.59
2388.0,1256.0,257.0,2024-03-28,4.0,34.76
2389.0,1265.0,2480.0,2023-06-18,2.0,305.71
2390.0,1494.0,2583.0,2023-07-14,5.0,146.03
2391.0,1953.0,1312.0,2024-04-13,5.0,409.95
2392.0,1636.0,1992.0,2024-03-07,1.0,232.88
2393.0,1308.0,2193.0,2023-07-03,5.0,360.66
2394.0,1487.0,1492.0,2024-07-23,1.0,455.26
2395.0,1644.0,1391.0,2024-06-08,3.0,309.0
2398.0,1671.0,2557.0,2024-02-18,5.0,27.09
2399.0,1321.0,371.0,2023-04-27,4.0,162.19
2400.0,1895.0,2782.0,2024-07-01,2.0,211.96
2401.0,1443.0,2115.0,2023-09-18,5.0,71.03
2402.0,1742.0,1175.0,2024-05-31,2.0,40.2
2403.0,1838.0,610.0,2024-02-29,3.0,409.76
2404.0,1253.0,1036.0,2024-02-07,2.0,93.35
2405.0,1827.0,1903.0,2024-09-04,2.0,238.84
2406.0,1334.0,1185.0,2023-04-21,3.0,305.77
2407.0,1788.0,1668.0,2023-06-03,1.0,448.99
2411.0,1125.0,253.0,2023-09-20,3.0,195.0
2412.0,1843.0,2088.0,2023-07-01,3.0,5.19
2414.0,1578.0,1390.0,2025-01-09,1.0,10.53
2415.0,1722.0,1947.0,2023-03-24,5.0,386.74
2416.0,1207.0,1627.0,2023-06-21,2.0,472.49
2417.0,1975.0,1616.0,2023-06-16,2.0,18.47
2419.0,1657.0,2043.0,2023-06-03,4.0,381.76
2420.0,1355.0,648.0,2023-06-30,4.0,347.64
2421.0,1723.0,242.0,2023-05-04,1.0,355.4
2422.0,1749.0,2353.0,2023-05-23,4.0,342.36
2425.0,1414.0,1633.0,2024-06-09,3.0,469.19
2427.0,1733.0,2288.0,2023-10-24,1.0,94.17
2428.0,1528.0,1932.0,2025-02-14,2.0,353.02
2430.0,1634.0,1620.0,2023-08-12,5.0,300.53
2431.0,1584.0,2111.0,2023-04-20,2.0,20.57
2432.0,1488.0,2423.0,2024-04-26,2.0,185.96
2434.0,1346.0,2423.0,2024-02-19,5.0,240.71
2435.0,1544.0,154.0,2023-08-22,4.0,424.68
2436.0,1665.0,275.0,2023-11-02,1.0,64.65
2437.0,1370.0,2490.0,2024-09-08,3.0,26.69
2439.0,1683.0,1896.0,2023-10-15,3.0,416.11
2440.0,1455.0,2067.0,2025-01-24,3.0,224.34
2441.0,1827.0,1770.0,2023-08-22,3.0,117.97
2443.0,1467.0,461.0,2024-07-16,1.0,435.4
2446.0,1136.0,225.0,2024-10-25,4.0,65.68
2447.0,1416.0,797.0,2024-06-29,5.0,367.05
2448.0,1678.0,1143.0,2023-10-24,1.0,327.53
2449.0,1732.0,1579.0,2023-12-25,4.0,422.65
2451.0,1012.0,135.0,2024-08-28,4.0,111.86
2452.0,1804.0,1873.0,2024-01-18,3.0,58.7
2453.0,1592.0,283.0,2025-01-11,2.0,253.8
2454.0,1008.0,2932.0,2025-01-30,2.0,148.45
2455.0,1273.0,1460.0,2024-02-11,5.0,118.56
2456.0,1512.0,2513.0,2023-03-07,3.0,252.6
2458.0,1049.0,111.0,2023-03-11,1.0,129.6
2459.0,1278.0,2423.0,2023-07-24,4.0,72.35
2460.0,1081.0,2063.0,2024-05-13,4.0,484.37
2461.0,1538.0,1928.0,2024-04-14,3.0,141.22
2462.0,1707.0,402.0,2023-08-21,2.0,67.13
2463.0,1663.0,2411.0,2023-08-03,1.0,433.88
2465.0,1390.0,670.0,2023-09-05,2.0,441.65
2466.0,1963.0,2717.0,2023-08-21,3.0,205.69
2468.0,1595.0,2488.0,2023-10-16,5.0,190.87
2469.0,1331.0,948.0,2023-09-23,2.0,411.13
2470.0,1766.0,892.0,2023-08-23,4.0,366.66
2471.0,1521.0,750.0,2025-02-09,2.0,281.87
2474.0,1018.0,414.0,2023-09-23,3.0,330.82
2475.0,1368.0,2108.0,2024-07-05,1.0,147.45
2476.0,1398.0,1284.0,2024-09-23,4.0,256.22
2477.0,1544.0,117.0,2024-02-01,1.0,258.4
2478.0,1474.0,1703.0,2024-03-14,2.0,373.01
2479.0,1613.0,1745.0,2023-03-06,1.0,297.45
2483.0,1095.0,2405.0,2024-10-25,5.0,184.52
2484.0,1789.0,2655.0,2023-03-08,4.0,280.49
2485.0,1456.0,241.0,2024-11-22,4.0,315.1
2486.0,1136.0,2521.0,2023-08-23,2.0,208.93
2487.0,1967.0,2089.0,2023-07-03,1.0,292.77
2488.0,1089.0,1094.0,2024-08-03,3.0,483.11
2491.0,1897.0,2314.0,2023-07-05,3.0,119.63
2492.0,1528.0,2228.0,2025-01-09,4.0,401.62
2493.0,1852.0,319.0,2023-09-01,3.0,31.1
2494.0,1478.0,798.0,2025-01-03,3.0,163.21
2495.0,1277.0,782.0,2024-03-14,2.0,27.64
2497.0,1157.0,2240.0,2024-01-10,5.0,44.06
2499.0,1322.0,569.0,2025-01-21,4.0,300.78
2500.0,1430.0,2796.0,2024-12-06,4.0,147.21
2501.0,1349.0,2239.0,2024-09-14,2.0,135.13
2502.0,1026.0,2685.0,2024-01-13,1.0,90.01
2503.0,1488.0,705.0,2023-09-07,5.0,227.36
2504.0,1854.0,180.0,2025-01-13,3.0,306.5
2505.0,1923.0,601.0,2023-06-12,2.0,101.09
2508.0,1760.0,1736.0,2023-09-03,2.0,382.24
2509.0,1179.0,1678.0,2023-10-09,4.0,189.31
2510.0,1344.0,1194.0,2024-01-24,2.0,19.12
2512.0,1800.0,2535.0,2024-09-14,1.0,68.36
2513.0,1929.0,2322.0,2023-04-25,4.0,62.64
2514.0,1452.0,1509.0,2023-09-15,3.0,137.31
2515.0,1829.0,905.0,2023-12-07,1.0,151.8
2516.0,1208.0,194.0,2023-08-31,2.0,69.33
2517.0,1979.0,1432.0,2025-02-16,3.0,7.69
2518.0,1011.0,2516.0,2023-07-20,2.0,407.5
2521.0,1529.0,587.0,2023-11-11,1.0,304.2
2522.0,1314.0,1267.0,2023-07-11,4.0,53.77
2523.0,1231.0,2787.0,2023-05-19,5.0,498.58
2524.0,1524.0,52.0,2024-07-26,1.0,243.09
2526.0,1749.0,1544.0,2023-11-09,4.0,329.98
2527.0,1821.0,1197.0,2023-07-24,4.0,157.94
2528.0,1821.0,1839.0,2023-06-07,2.0,214.67
2532.0,1150.0,59.0,2023-09-20,3.0,393.75
2533.0,1290.0,1188.0,2023-08-23,1.0,455.74
2534.0,1202.0,830.0,2024-07-19,3.0,5.36
2535.0,1800.0,556.0,2023-03-15,1.0,92.34
2537.0,1353.0,1888.0,2023-12-26,2.0,422.72
2538.0,1383.0,1539.0,2023-12-18,5.0,204.49
2539.0,1499.0,495.0,2023-09-12,1.0,416.0
2540.0,1483.0,304.0,2023-04-08,3.0,243.31
2542.0,1247.0,2159.0,2024-08-21,2.0,99.24
2544.0,1298.0,1023.0,2023-07-01,4.0,384.35
2545.0,1183.0,2825.0,2024-04-12,4.0,11.58
2547.0,1567.0,1871.0,2023-10-05,1.0,360.93
2549.0,1631.0,907.0,2023-04-28,2.0,99.07
2551.0,1285.0,735.0,2024-07-31,5.0,175.71
2554.0,1060.0,2156.0,2024-07-20,3.0,167.68
2555.0,1293.0,2929.0,2023-04-27,4.0,458.6
2556.0,1981.0,2706.0,2024-03-12,1.0,11.64
2558.0,1703.0,367.0,2023-05-09,5.0,112.26
2560.0,1911.0,1818.0,2023-03-25,1.0,235.18
2562.0,1427.0,1703.0,2024-01-25,5.0,346.96
2564.0,1237.0,272.0,2024-05-20,5.0,326.1
2567.0,1382.0,2512.0,2023-07-13,1.0,307.36
2568.0,1151.0,463.0,2023-12-06,5.0,310.22
2569.0,1369.0,475.0,2023-09-09,4.0,291.36
2571.0,1830.0,1022.0,2024-06-01,4.0,84.85
2572.0,1796.0,334.0,2024-06-01,2.0,87.45
2573.0,1766.0,1767.0,2024-08-23,3.0,485.69
2574.0,1027.0,306.0,2024-05-17,1.0,370.67
2575.0,1252.0,951.0,2023-06-30,5.0,358.97
2576.0,1841.0,729.0,2024-01-24,2.0,391.72
2578.0,1636.0,523.0,2023-07-30,3.0,361.31
2580.0,1961.0,1148.0,2023-04-05,1.0,245.17
2581.0,1310.0,724.0,2023-10-07,2.0,201.32
2582.0,1177.0,2346.0,2024-12-20,2.0,138.56
2583.0,1186.0,2592.0,2023-08-31,4.0,68.41
2584.0,1443.0,1697.0,2023-05-23,5.0,6.56
2585.0,1639.0,138.0,2024-10-24,1.0,419.23
2586.0,1736.0,76.0,2024-01-30,4.0,22.63
2587.0,1825.0,2490.0,2023-04-24,2.0,497.2
2588.0,1415.0,561.0,2024-11-26,2.0,420.94
2592.0,1909.0,2129.0,2024-12-20,1.0,405.74
2593.0,1696.0,2259.0,2024-03-27,3.0,53.59
2596.0,1985.0,2206.0,2024-10-22,5.0,356.96
2597.0,1372.0,1367.0,2024-09-03,4.0,113.55
2599.0,1297.0,194.0,2023-12-18,5.0,138.88
2601.0,1082.0,426.0,2023-11-14,2.0,492.9
2602.0,1637.0,2459.0,2023-03-25,1.0,173.2
2605.0,1606.0,1094.0,2024-07-29,3.0,241.04
2606.0,1748.0,1004.0,2023-10-28,3.0,227.3
2607.0,1130.0,2962.0,2024-05-24,3.0,21.38
2608.0,1494.0,2064.0,2024-09-06,4.0,306.14
2611.0,1840.0,1985.0,2023-10-03,3.0,323.78
2612.0,1706.0,2999.0,2024-02-18,4.0,133.03
2613.0,1803.0,106.0,2023-07-27,3.0,266.46
2615.0,1707.0,2496.0,2024-07-25,1.0,322.1
2616.0,1877.0,201.0,2023-06-05,5.0,365.18
2617.0,1541.0,2946.0,2023-07-31,2.0,315.86
2618.0,1616.0,2731.0,2025-01-24,2.0,59.63
2620.0,1323.0,251.0,2025-01-14,5.0,268.44
2621.0,1134.0,1831.0,2023-05-04,4.0,342.77
2623.0,1475.0,171.0,2023-03-21,4.0,410.3
2624.0,1447.0,575.0,2024-03-12,1.0,285.25
2626.0,1399.0,2031.0,2024-05-05,5.0,377.37
2627.0,1101.0,795.0,2023-04-11,4.0,164.07
2628.0,1122.0,564.0,2023-10-10,3.0,185.85
2629.0,1699.0,2870.0,2025-02-19,5.0,466.96
2631.0,1337.0,1030.0,2024-07-12,1.0,199.24
2635.0,1197.0,1736.0,2023-12-05,1.0,409.99
2636.0,1912.0,20.0,2023-04-24,1.0,472.97
2638.0,1432.0,1261.0,2023-03-09,4.0,49.46
2640.0,1611.0,2930.0,2024-04-29,5.0,465.24
2641.0,1392.0,407.0,2023-04-25,5.0,254.99
2642.0,1355.0,620.0,2024-02-09,5.0,142.75
2643.0,1764.0,402.0,2023-07-18,1.0,349.06
2644.0,1177.0,1443.0,2025-01-23,2.0,450.07
2646.0,1871.0,2440.0,2023-11-17,1.0,343.14
2648.0,1598.0,1281.0,2024-02-28,1.0,116.84
2649.0,1976.0,605.0,2024-06-11,5.0,75.77
2650.0,1711.0,1487.0,2023-12-03,5.0,480.11
2651.0,1528.0,2591.0,2023-11-18,1.0,174.53
2652.0,1335.0,1643.0,2024-04-29,2.0,231.25
2653.0,1563.0,991.0,2023-07-22,3.0,339.74
2655.0,1014.0,1018.0,2023-09-24,2.0,116.01
2656.0,1339.0,429.0,2024-10-28,5.0,176.49
2658.0,1682.0,1797.0,2023-02-28,1.0,156.96
2659.0,1679.0,2382.0,2023-11-19,4.0,305.49
2660.0,1202.0,1367.0,2023-07-16,2.0,167.34
2661.0,1393.0,2473.0,2023-11-10,4.0,203.68
2662.0,1894.0,2389.0,2023-10-09,3.0,465.0
2663.0,1109.0,957.0,2024-11-20,1.0,240.35
2665.0,1901.0,2211.0,2024-07-02,5.0,422.66
2666.0,1147.0,1053.0,2023-06-15,5.0,237.93
2667.0,1408.0,928.0,2024-12-14,5.0,177.47
2668.0,1650.0,2950.0,2023-07-18,3.0,93.75
2670.0,1590.0,1838.0,2024-11-27,2.0,128.74
2671.0,1107.0,2138.0,2024-12-06,4.0,414.42
2672.0,1510.0,1438.0,2024-03-11,4.0,473.6
2673.0,1421.0,1707.0,2024-09-13,4.0,262.25
2674.0,1196.0,2257.0,2023-04-25,2.0,144.87
2676.0,1283.0,1811.0,2024-07-19,4.0,195.79
2677.0,1080.0,994.0,2024-12-05,5.0,84.95
2678.0,1506.0,1417.0,2024-10-31,3.0,71.9
2679.0,1091.0,2159.0,2024-01-18,5.0,417.41
2681.0,1787.0,1994.0,2023-03-07,2.0,208.59
2685.0,1806.0,2638.0,2023-03-04,3.0,102.43
2688.0,1650.0,2804.0,2024-11-25,3.0,316.11
2689.0,1408.0,1913.0,2023-04-20,1.0,279.83
2690.0,1185.0,1355.0,2025-01-17,2.0,68.11
2691.0,1339.0,2729.0,2025-01-30,4.0,419.99
2692.0,1525.0,2233.0,2023-06-22,4.0,56.08
2693.0,1471.0,2141.0,2024-09-06,1.0,69.48
2696.0,1785.0,327.0,2023-11-29,2.0,62.63
2697.0,1878.0,873.0,2024-05-23,1.0,418.95
2698.0,1959.0,237.0,2024-01-02,5.0,139.35
2699.0,1993.0,1160.0,2024-10-22,3.0,280.48
2700.0,1632.0,1382.0,2023-08-31,1.0,421.17
2701.0,1320.0,1210.0,2023-04-29,2.0,78.51
2702.0,1751.0,838.0,2024-05-04,5.0,375.33
2704.0,1394.0,651.0,2023-05-29,4.0,242.78
2705.0,1684.0,317.0,2024-11-13,4.0,396.43
2706.0,1141.0,973.0,2023-04-22,4.0,481.02
2707.0,1837.0,1246.0,2024-04-27,5.0,46.55
2708.0,1809.0,1906.0,2024-04-28,4.0,457.15
2709.0,1461.0,1991.0,2024-01-13,1.0,344.49
2710.0,1643.0,2151.0,2024-12-03,1.0,358.67
2711.0,1728.0,2230.0,2024-04-04,4.0,27.52
2712.0,1456.0,1558.0,2023-10-27,3.0,65.14
2713.0,1116.0,1516.0,2025-01-14,4.0,224.97
2715.0,1415.0,213.0,2024-01-03,3.0,83.05
2717.0,1373.0,2609.0,2023-03-28,5.0,396.44
2718.0,1265.0,2542.0,2023-06-30,1.0,73.55
2719.0,1051.0,2603.0,2023-12-27,4.0,355.46
2720.0,1779.0,132.0,2023-04-15,2.0,363.15
2721.0,1527.0,239.0,2024-05-23,1.0,287.68
2722.0,1005.0,326.0,2024-11-05,2.0,347.03
2723.0,1364.0,969.0,2024-05-09,1.0,491.55
2724.0,1694.0,1574.0,2023-07-06,4.0,434.29
2725.0,1029.0,2525.0,2023-08-04,3.0,89.55
2726.0,1250.0,1787.0,2024-03-10,3.0,343.19
2727.0,1199.0,478.0,2024-01-14,1.0,407.69
2731.0,1976.0,735.0,2025-02-06,1.0,100.34
2732.0,1647.0,1839.0,2023-10-21,1.0,132.6
2733.0,1889.0,1063.0,2025-01-29,2.0,414.56
2734.0,1414.0,787.0,2023-07-16,1.0,397.94
2735.0,1248.0,2278.0,2024-04-14,5.0,181.18
2737.0,1983.0,718.0,2024-08-16,5.0,218.51
2738.0,1019.0,41.0,2024-07-27,4.0,353.39
2739.0,1498.0,1884.0,2023-10-03,4.0,499.02
2740.0,1982.0,1232.0,2025-02-11,2.0,222.74
2742.0,1854.0,819.0,2024-12-08,2.0,37.18
2743.0,1729.0,1675.0,2024-04-02,2.0,497.6
2744.0,1815.0,2608.0,2024-08-12,4.0,418.74
2746.0,1144.0,1572.0,2024-08-26,3.0,118.51
2747.0,1594.0,2061.0,2024-11-12,3.0,200.04
2748.0,1202.0,457.0,2024-03-23,2.0,439.75
2749.0,1977.0,100.0,2024-11-27,4.0,198.65
2751.0,1013.0,1489.0,2024-11-10,4.0,224.88
2752.0,1652.0,1421.0,2023-06-07,5.0,451.55
2753.0,1933.0,523.0,2024-07-05,5.0,170.9
2755.0,1429.0,2487.0,2024-10-17,5.0,415.29
2756.0,1293.0,1104.0,2024-01-19,1.0,122.48
2759.0,1999.0,2263.0,2023-05-11,3.0,355.49
2761.0,1919.0,2128.0,2025-01-22,1.0,342.55
2762.0,1280.0,2057.0,2024-12-27,1.0,313.02
2764.0,1278.0,885.0,2023-03-21,1.0,20.64
2766.0,1398.0,2688.0,2023-06-25,4.0,452.47
2767.0,1492.0,1764.0,2024-01-03,4.0,111.69
2768.0,1643.0,2596.0,2023-11-02,1.0,424.21
2769.0,1793.0,163.0,2024-09-24,5.0,362.09
2770.0,1675.0,1832.0,2024-03-07,4.0,177.1
2772.0,1974.0,1199.0,2023-09-10,1.0,191.68
2773.0,1201.0,2255.0,2024-08-06,3.0,142.49
2774.0,1525.0,571.0,2024-02-10,1.0,490.61
2777.0,1182.0,2641.0,2024-10-28,3.0,232.08
2778.0,1918.0,2711.0,2024-04-18,1.0,55.83
2781.0,1963.0,529.0,2024-09-25,1.0,308.14
2784.0,1085.0,301.0,2024-03-22,4.0,137.54
2787.0,1403.0,1553.0,2024-05-27,4.0,18.47
2788.0,1266.0,840.0,2024-10-18,5.0,114.38
2789.0,1335.0,2979.0,2024-03-07,4.0,474.51
2790.0,1106.0,155.0,2023-03-30,4.0,64.16
2791.0,1913.0,970.0,2024-02-04,4.0,374.76
2794.0,1503.0,55.0,2023-07-23,5.0,212.0
2795.0,1870.0,2690.0,2023-05-20,4.0,15.75
2797.0,1620.0,728.0,2024-01-27,1.0,468.75
2798.0,1087.0,613.0,2024-05-05,2.0,216.92
2800.0,1151.0,989.0,2023-12-25,5.0,330.03
2802.0,1685.0,1350.0,2025-02-20,4.0,46.98
2803.0,1453.0,500.0,2023-11-16,4.0,296.89
2804.0,1640.0,2973.0,2023-10-25,3.0,194.26
2805.0,1698.0,1766.0,2024-10-17,3.0,460.83
2806.0,1453.0,2345.0,2023-04-22,4.0,474.41
2807.0,1560.0,614.0,2023-08-22,3.0,408.59
2808.0,1366.0,921.0,2024-10-06,3.0,30.48
2809.0,1313.0,1384.0,2024-08-15,4.0,144.38
2811.0,1372.0,818.0,2023-02-21,4.0,157.25
2812.0,1689.0,1806.0,2024-12-17,1.0,61.91
2813.0,1036.0,2326.0,2024-08-07,4.0,211.56
2814.0,1993.0,1958.0,2023-06-07,2.0,189.0
2815.0,1167.0,2475.0,2024-06-26,3.0,146.88
2816.0,1368.0,2274.0,2024-09-29,5.0,431.4
2817.0,1658.0,16.0,2023-04-29,1.0,325.52
2818.0,1964.0,2398.0,2023-05-10,3.0,59.66
2819.0,1074.0,2460.0,2024-06-10,1.0,90.47
2821.0,1124.0,326.0,2025-02-14,2.0,27.86
2822.0,1323.0,562.0,2025-01-21,3.0,442.44
2825.0,1651.0,2958.0,2025-02-19,5.0,409.11
2826.0,1503.0,1337.0,2024-10-24,1.0,171.79
2827.0,1997.0,1505.0,2024-08-09,2.0,102.17
2828.0,1502.0,2165.0,2024-08-01,1.0,101.08
2829.0,1467.0,1.0,2023-12-18,3.0,14.68
2830.0,1821.0,2271.0,2024-07-10,2.0,274.65
2831.0,1986.0,1367.0,2023-04-10,4.0,362.39
2832.0,1901.0,2812.0,2024-06-12,4.0,131.79
2833.0,1867.0,1122.0,2024-07-17,2.0,148.33
2834.0,1626.0,232.0,2023-05-13,1.0,409.25
2835.0,1532.0,2729.0,2024-04-01,5.0,273.2
2836.0,1139.0,1977.0,2023-08-07,3.0,121.19
2837.0,1403.0,2296.0,2025-02-01,1.0,38.38
2838.0,1905.0,894.0,2023-06-30,5.0,398.75
2839.0,1232.0,2704.0,2024-09-07,4.0,263.21
2841.0,1929.0,256.0,2023-07-18,2.0,377.99
2842.0,1243.0,1152.0,2024-03-16,1.0,26.67
2843.0,1527.0,1011.0,2023-08-14,4.0,390.02
2846.0,1507.0,889.0,2024-12-21,3.0,432.93
2847.0,1550.0,1442.0,2023-04-07,3.0,483.38
2848.0,1198.0,2984.0,2023-10-12,4.0,134.84
2849.0,1124.0,1402.0,2024-07-20,1.0,223.95
2850.0,1717.0,2073.0,2023-04-03,3.0,168.41
2851.0,1857.0,888.0,2024-03-03,1.0,212.66
2852.0,1914.0,2569.0,2023-11-03,2.0,87.03
2854.0,1687.0,2017.0,2024-09-17,3.0,70.0
2856.0,1627.0,2712.0,2023-07-12,2.0,124.53
2857.0,1907.0,596.0,2023-07-07,1.0,34.68
2858.0,1172.0,465.0,2023-05-10,2.0,463.92
2859.0,1221.0,596.0,2023-09-01,2.0,146.56
2860.0,1561.0,1531.0,2023-07-02,5.0,17.11
2861.0,1947.0,2422.0,2023-11-01,3.0,220.98
2862.0,1663.0,406.0,2023-03-16,2.0,387.51
2863.0,1494.0,1409.0,2023-06-27,4.0,454.54
2865.0,1174.0,2661.0,2023-11-13,1.0,24.62
2866.0,1388.0,179.0,2024-04-10,1.0,19.95
2867.0,1341.0,711.0,2024-09-19,2.0,150.91
2869.0,1987.0,2742.0,2024-01-19,2.0,189.84
2870.0,1990.0,2067.0,2024-08-19,3.0,446.65
2874.0,1259.0,2129.0,2023-08-25,2.0,147.53
2876.0,1549.0,2104.0,2023-05-20,2.0,478.8
2877.0,1680.0,2487.0,2023-10-19,5.0,429.85
2878.0,1541.0,2286.0,2023-11-03,5.0,140.99
2879.0,1134.0,784.0,2025-02-10,5.0,180.76
2881.0,1579.0,1580.0,2024-08-13,3.0,313.43
2884.0,1479.0,2576.0,2024-10-02,5.0,295.95
2885.0,1002.0,717.0,2024-01-06,5.0,299.69
2887.0,1164.0,2358.0,2023-03-17,2.0,260.14
2888.0,1563.0,2299.0,2023-09-11,3.0,313.38
2889.0,1229.0,1138.0,2023-04-20,3.0,294.59
2890.0,1066.0,2730.0,2024-02-22,1.0,273.56
2891.0,1878.0,376.0,2023-07-04,4.0,349.5
2892.0,1951.0,1211.0,2024-09-19,2.0,444.24
2894.0,1825.0,1058.0,2023-11-01,2.0,312.92
2895.0,1852.0,2638.0,2023-11-04,2.0,417.6
2896.0,1526.0,2259.0,2023-09-09,5.0,34.04
2897.0,1491.0,2365.0,2024-05-27,5.0,100.57
2898.0,1961.0,1123.0,2024-10-31,5.0,442.59
2899.0,1530.0,2135.0,2023-12-11,1.0,227.79
2900.0,1875.0,2221.0,2023-06-15,3.0,11.68
2901.0,1148.0,2187.0,2024-11-26,1.0,380.31
2903.0,1149.0,1405.0,2024-03-29,1.0,153.64
2905.0,1361.0,992.0,2023-07-22,2.0,415.85
2906.0,1187.0,182.0,2023-04-08,2.0,234.97
2907.0,1214.0,2914.0,2024-03-17,3.0,480.34
2908.0,1791.0,2161.0,2024-04-06,5.0,154.73
2909.0,1002.0,90.0,2024-09-28,3.0,106.73
2910.0,1557.0,2754.0,2025-01-26,3.0,303.7
2911.0,1473.0,1153.0,2024-06-25,1.0,61.79
2912.0,1494.0,995.0,2023-10-23,5.0,418.65
2913.0,1230.0,1279.0,2024-04-27,1.0,316.6
2914.0,1893.0,1422.0,2023-12-21,2.0,352.41
2915.0,1800.0,1022.0,2023-08-14,2.0,227.37
2916.0,1202.0,858.0,2023-11-24,2.0,150.02
2917.0,1372.0,1489.0,2024-05-29,2.0,411.8
2918.0,1456.0,890.0,2024-06-06,4.0,410.15
2921.0,1217.0,466.0,2024-01-28,3.0,495.67
2922.0,1065.0,985.0,2023-06-04,5.0,95.51
2924.0,1548.0,230.0,2023-06-06,5.0,132.94
2925.0,1146.0,526.0,2023-12-29,5.0,360.75
2926.0,1792.0,2393.0,2023-05-21,3.0,471.88
2927.0,1036.0,1509.0,2023-08-06,4.0,11.81
2928.0,1915.0,294.0,2023-05-28,3.0,405.09
2929.0,1651.0,2363.0,2023-06-04,5.0,387.63
2933.0,1919.0,2275.0,2024-10-15,5.0,26.7
2934.0,1861.0,2200.0,2025-01-15,2.0,320.84
2935.0,1265.0,1869.0,2024-12-14,5.0,166.54
2936.0,1362.0,943.0,2024-03-23,1.0,268.31
2937.0,1750.0,1369.0,2024-06-02,2.0,35.53
2939.0,1859.0,2635.0,2024-04-27,1.0,169.22
2940.0,1734.0,1614.0,2024-02-24,2.0,321.53
2942.0,1247.0,1401.0,2023-12-08,2.0,221.11
2945.0,1048.0,2006.0,2024-01-20,2.0,202.33
2947.0,1405.0,2092.0,2023-05-13,5.0,384.93
2948.0,1828.0,1390.0,2025-02-06,4.0,394.21
2950.0,1506.0,117.0,2024-04-21,1.0,95.39
2951.0,1271.0,1911.0,2024-10-30,4.0,141.94
2952.0,1159.0,2136.0,2023-11-13,5.0,211.35
2954.0,1444.0,2676.0,2023-05-19,5.0,205.06
2955.0,1922.0,1169.0,2024-10-07,4.0,265.75
2956.0,1916.0,1565.0,2025-01-09,2.0,417.16
2957.0,1000.0,2903.0,2024-03-08,2.0,387.58
2958.0,1221.0,2320.0,2024-11-30,2.0,198.97
2959.0,1090.0,2359.0,2024-03-28,3.0,494.58
2960.0,1795.0,2032.0,2024-11-16,5.0,14.26
2961.0,1543.0,1119.0,2024-05-03,3.0,291.53
2963.0,1305.0,1153.0,2023-08-26,3.0,20.17
2964.0,1067.0,516.0,2023-12-25,1.0,53.12
2965.0,1277.0,1464.0,2024-05-02,4.0,12.24
2966.0,1693.0,2109.0,2024-03-20,3.0,426.77
2967.0,1011.0,1684.0,2024-04-27,5.0,275.54
2969.0,1254.0,2441.0,2024-08-31,1.0,141.93
2970.0,1061.0,844.0,2024-04-01,5.0,365.25
2971.0,1369.0,2864.0,2023-06-07,1.0,262.91
2975.0,1077.0,1988.0,2024-06-06,2.0,35.62
2977.0,1608.0,2385.0,2024-06-11,2.0,104.73
2981.0,1642.0,1751.0,2024-03-28,1.0,32.34
2982.0,1448.0,1615.0,2024-07-12,1.0,73.11
2983.0,1267.0,320.0,2024-02-13,2.0,131.84
2984.0,1101.0,2483.0,2024-10-31,3.0,53.83
2986.0,1109.0,1426.0,2024-12-22,5.0,24.34
2987.0,1894.0,2703.0,2024-08-05,5.0,321.45
2988.0,1951.0,155.0,2023-09-12,1.0,57.57
2989.0,1887.0,983.0,2023-08-22,1.0,77.81
2990.0,1861.0,1489.0,2025-01-20,1.0,355.42
2991.0,1378.0,2716.0,2023-06-21,2.0,131.44
2992.0,1811.0,547.0,2023-09-21,3.0,475.55
2993.0,1866.0,704.0,2024-02-08,3.0,466.48
2994.0,1946.0,534.0,2023-09-03,5.0,367.96
2995.0,1133.0,2706.0,2024-11-23,1.0,339.24
2998.0,1263.0,1459.0,2023-03-31,2.0,237.45
2999.0,1514.0,1536.0,2023-06-15,3.0,350.17
3000.0,1981.0,100.0,2023-09-24,3.0,88.74
1080.0,1855.0,1791.0,2023-11-07,5.0,222.42
217.0,1706.0,2337.0,2023-07-23,4.0,60.81
1734.0,1072.0,49.0,2024-04-28,3.0,115.68
942.0,1192.0,2940.0,2023-03-05,5.0,234.99
168.0,1606.0,1753.0,2023-08-23,1.0,154.65
910.0,1933.0,2770.0,2024-02-17,3.0,195.61
1816.0,1786.0,2373.0,2024-11-19,1.0,202.31
762.0,1656.0,1053.0,2024-05-04,5.0,182.85
635.0,1705.0,1237.0,2024-06-16,2.0,49.78
1670.0,1389.0,624.0,2023-08-29,3.0,420.44
347.0,1193.0,579.0,2023-05-27,4.0,376.0
2722.0,1005.0,326.0,2024-11-05,2.0,347.03
366.0,1817.0,337.0,2023-09-21,5.0,379.64
2588.0,1415.0,561.0,2024-11-26,2.0,420.94
695.0,1204.0,1797.0,2024-01-07,4.0,97.72
733.0,1974.0,49.0,2023-04-06,1.0,169.65
1063.0,1692.0,63.0,2023-12-07,1.0,472.01
1945.0,1770.0,1649.0,2024-07-14,3.0,204.69
1107.0,1224.0,978.0,2024-11-05,4.0,227.02
1951.0,1292.0,2443.0,2023-12-02,3.0,68.3
777.0,1997.0,2726.0,2023-11-13,5.0,177.76
1738.0,1615.0,2569.0,2023-09-20,2.0,114.46
710.0,1808.0,1071.0,2024-04-27,2.0,345.63
1167.0,1907.0,2592.0,2024-09-13,3.0,460.71
531.0,1187.0,613.0,2023-06-12,3.0,49.08
1642.0,1124.0,929.0,2025-02-19,3.0,145.08
2641.0,1392.0,407.0,2023-04-25,5.0,254.99
404.0,1822.0,22.0,2025-02-05,1.0,390.05
2963.0,1305.0,1153.0,2023-08-26,3.0,20.17
1340.0,1666.0,890.0,2023-06-13,5.0,340.55
1451.0,1236.0,2101.0,2024-10-26,1.0,439.19
2852.0,1914.0,2569.0,2023-11-03,2.0,87.03
988.0,1268.0,49.0,2023-03-07,2.0,135.91
1655.0,1267.0,2971.0,2024-05-14,3.0,399.67
1782.0,1410.0,1314.0,2024-10-08,4.0,446.07
1220.0,1107.0,1356.0,2023-12-01,5.0,26.65
2859.0,1221.0,596.0,2023-09-01,2.0,146.56
918.0,1375.0,1109.0,2024-03-11,5.0,402.28
1081.0,1290.0,2678.0,2024-11-26,2.0,229.24
2441.0,1827.0,1770.0,2023-08-22,3.0,117.97
